ticker;preco;dy;pl;pvp;roe;roa;roic;margem_bruta;margem_ebit;margem_liquida;liquidez_corrente;vpa;lpa;liquidez_diaria;valor_mercado
AALR3;3,93;;-8,53;0,56;-6,53;-2,46;6,81;27,98;10,49;-5,65;0,98;7,06;-0,46;323.730,14;598.772.764,26
ABCB4;21,65;8,99;7,26;0,83;11,43;1,05;;17,76;12,53;10,94;2,58;26,07;2,98;14.647.843,41;5.296.820.954,05
ABEV3;13,59;6,79;14,84;2,27;15,27;9,8;17,85;51,46;24,69;15,74;1,11;6,0;0,92;311.021.263,86;214.200.670.694,04
ADHM3;1,56;;-4,09;-1,29;-31,47;;22,61;100,0;;;0,0;-1,21;-0,38;;25.439.770,20
AERI3;4,39;;-0,28;2,46;-889,48;-46,89;-46,9;10,79;-63,54;-81,51;0,99;1,79;-15,89;654.995,32;272.707.660,44
AESB3;8,12;;-16,19;1,17;-7,21;-2,28;4,73;26,76;21,13;-10,72;0,67;6,96;-0,5;13.684.494,00;6.973.842.690,64
AFLT3;7,01;6,12;19,57;1,79;9,13;7,19;8,69;58,08;53,92;41,22;1,59;3,92;0,36;3.155,00;442.223.747,00
AGRO3;20,70;7,52;6,87;0,98;14,27;7,79;10,23;39,38;29,46;22,84;1,58;21,13;3,02;3.164.569,09;2.125.547.290,80
AGXY3;6,01;;-0,03;-0,05;-145,31;-83,71;433,24;-4,18;-59,21;-86,99;0,33;-118,43;-172,09;122.864,68;101.987.121,71
AHEB3;35,80;;2,14;1,91;89,31;27,74;92,71;28,07;22,41;20,02;2,89;18,75;16,75;7.520,00;308.890.982,60
AHEB5;58,00;;3,46;3,09;89,31;27,74;92,71;28,07;22,41;20,02;2,89;18,75;16,75;5.800,00;308.890.982,60
AHEB6;55,00;;3,28;2,93;89,31;27,74;92,71;28,07;22,41;20,02;2,89;18,75;16,75;5.500,00;308.890.982,60
ALLD3;7,04;18,42;6,02;0,42;6,9;3,22;7,69;12,0;3,42;2,08;1,86;16,95;1,17;216.099,82;665.330.990,72
ALOS3;22,95;4,35;14,45;0,93;6,42;3,24;11,28;74,1;59,06;31,4;2,87;24,74;1,59;69.984.890,95;12.460.402.061,55
ALPA3;8,60;1,13;30,04;1,45;4,83;3,06;1,93;44,69;3,36;4,58;2,17;5,93;0,29;100.149,41;5.991.142.630,42
ALPA4;8,94;1,19;31,23;1,51;4,83;3,06;1,93;44,69;3,36;4,58;2,17;5,93;0,29;14.895.087,14;5.991.142.630,42
ALPK3;3,28;;-155,12;2,06;-1,33;-0,19;12,18;33,2;13,58;-0,28;0,58;1,59;-0,02;257.584,50;711.838.802,00
ALUP11;31,10;2,8;9,07;1,2;13,26;3,62;11,75;71,15;71,29;26,72;2,15;25,84;3,43;37.772.805,50;10.251.395.563,70
ALUP3;11,08;2,62;9,7;1,29;13,26;3,62;11,75;71,15;71,29;26,72;2,15;8,61;1,14;58.572,18;10.251.395.563,70
ALUP4;10,05;2,89;8,8;1,17;13,26;3,62;11,75;71,15;71,29;26,72;2,15;8,61;1,14;90.678,09;10.251.395.563,70
AMAR3;1,36;;-4,23;2,43;-57,47;-8,08;6,21;50,1;4,91;-11,49;0,6;0,56;-0,32;187.578,68;698.300.218,48
AMBP3;160,56;;-119,3;20,39;-17,09;-1,31;8,47;19,32;17,75;-3,26;2,88;7,88;-1,35;33.171.544,77;26.820.242.486,64
AMER3;5,39;;0,15;0,24;163,84;42,19;-77,71;31,11;-5,71;53,64;1,49;22,35;36,62;12.981.611,41;1.079.316.890,19
AMOB3;12,10;;;;;;;;;;;;;1.998.769,73;0,00
ANIM3;4,43;11,85;15,38;0,76;4,91;1,17;10,3;61,77;22,82;3,02;2,06;5,87;0,29;21.031.332,18;1.789.138.806,15
APER3;46,75;;-32,82;2,02;-6,15;-3,09;2,91;100,0;6,6;-8,16;1,03;23,16;-1,42;51.166,00;953.269.946,75
APTI3;197,64;;0,15;0,01;9,84;4,97;2,72;100,11;29,38;66,99;5,86;;;;37.417.457,40
APTI4;2.930,92;;2,15;0,21;9,84;4,97;2,72;100,11;29,38;66,99;5,86;;;0,00;37.417.457,40
ARML3;3,75;3,82;9,98;1,03;10,31;2,85;11,94;38,06;26,49;7,16;2,42;3,65;0,38;7.914.781,45;1.299.352.863,75
ASAI3;10,28;1,04;21,86;2,78;12,73;1,45;16,71;16,48;5,12;0,88;0,86;3,69;0,47;119.063.114,59;13.901.080.501,80
AURA33;46,90;3,66;-19,14;12,68;-66,27;-8,14;23,69;45,53;38,0;-15,14;1,17;3,7;-2,45;12.714.588,64;10.186.472.467,50
AURE3;9,85;0,58;;0,78;0,04;0,01;3,58;20,53;18,55;0,06;1,45;12,62;0,01;33.063.064,73;10.346.223.043,90
AVLL3;1,68;;-28,01;-3,77;-13,47;-0,84;25,23;38,44;22,28;-1,69;0,86;-0,45;-0,06;21.989,64;328.154.502,48
AZEV3;0,46;;-1,04;0,38;-36,63;-20,04;-37,0;2,51;-159,37;-171,21;0,44;1,21;-0,44;524.921,95;303.928.763,94
AZEV4;0,54;;-1,22;0,45;-36,63;-20,04;-37,0;2,51;-159,37;-171,21;0,44;1,21;-0,44;1.197.264,55;303.928.763,94
AZTE3;0,65;;;;;;;;;;;;;2.293.071,86;0,00
AZUL4;0,94;;0,24;-0,1;-41,81;46,55;64,7;30,81;20,11;58,76;0,35;-9,41;3,93;20.398.062,18;868.960.397,34
AZZA3;41,09;2,72;21,96;1,09;4,95;2,52;1,96;53,73;5,52;3,86;1,55;37,8;1,87;102.014.270,05;8.484.666.416,17
B3SA3;14,76;2,0;16,42;4,14;25,18;10,22;13,91;89,93;59,29;43,97;2,13;3,57;0,9;455.268.839,91;77.733.540.000,00
BAHI3;4,51;;-1,64;1,58;-96,77;-14,54;-17,71;55,39;-7,97;-20,31;0,32;2,85;-2,76;16.499,00;119.021.524,82
BALM3;20,00;3,2;6,32;1,07;16,99;11,02;16,39;61,72;20,12;14,96;3,3;18,63;3,17;12.485,13;176.400.000,00
BALM4;16,00;8,49;5,05;0,86;16,99;11,02;16,39;61,72;20,12;14,96;3,3;18,63;3,17;19.474,00;176.400.000,00
BAUH3;0,00;;0,0;0,0;21,97;14,44;15,48;25,85;8,37;10,42;1,4;21,79;4,79;;
BAUH4;82,49;1,5;17,23;3,79;21,97;14,44;15,48;25,85;8,37;10,42;1,4;21,79;4,79;73.398,89;
BAZA3;74,65;10,73;3,21;0,65;20,19;2,55;;14,51;31,41;28,37;;115,26;23,27;667.573,41;4.184.753.214,75
BBAS3;22,44;10,63;5,21;0,71;13,57;1,02;;36,83;6,66;8,86;14,03;31,72;4,3;637.030.688,50;128.599.915.857,60
BBDC3;14,41;7,85;8,03;0,9;11,15;0,93;;32,69;8,46;8,62;11,09;16,1;1,8;125.270.724,77;164.846.499.604,05
BBDC4;16,72;7,44;9,31;1,04;11,15;0,93;;32,69;8,46;8,62;11,09;16,1;1,8;439.932.073,45;164.846.499.604,05
BBML3;3.936,42;;;;-276,88;-5,52;-17,06;5,41;1,44;-4,01;0,65;-0,56;-1,54;;160.451.699.191,56
BBSE3;36,57;10,15;8,46;6,27;74,13;46,67;;;;;2,5;5,83;4,32;162.464.323,45;73.140.000.000,00
BDLL3;9,00;;-0,54;-0,06;-11,51;-5,05;51,98;19,03;-36,02;-63,99;0,46;-145,99;-16,8;3.555,00;12.861.147,60
BDLL4;7,45;;-0,44;-0,05;-11,51;-5,05;51,98;19,03;-36,02;-63,99;0,46;-145,99;-16,8;4.142,10;12.861.147,60
BEEF3;5,17;;-4,28;-7,9;-184,64;-2,99;9,57;20,09;7,02;-3,16;1,48;-0,65;-1,21;61.106.448,36;5.139.655.217,51
BEES3;8,63;5,96;5,77;1,19;20,68;1,24;;32,29;14,88;10,23;;7,23;1,5;97.246,86;2.722.931.707,40
BEES4;8,59;5,99;5,74;1,19;20,68;1,24;;32,29;14,88;10,23;;7,23;1,5;34.832,00;2.722.931.707,40
BFRE11;0,00;;0,0;0,0;6,82;5,98;;100,0;195,96;118,16;;;;;
BFRE12;0,00;;0,0;0,0;6,82;5,98;;100,0;195,96;118,16;;;;;
BGIP3;34,99;11,03;5,12;1,05;20,62;1,45;;39,62;17,0;11,8;0,8;33,17;6,84;4.037,25;683.509.792,16
BGIP4;28,45;14,93;4,16;0,86;20,62;1,45;;39,62;17,0;11,8;0,8;33,17;6,84;61.790,32;683.509.792,16
BHIA3;3,18;;-0,19;0,09;-49,14;-5,11;-11,4;30,06;-1,82;-5,98;0,76;34,1;-16,75;15.172.398,82;302.376.650,46
BIDI11;10,40;;-238,07;1,08;-0,45;-0,1;;50,04;-13,62;-5,22;;9,67;-0,04;;8.991.139.764,53
BIDI3;3,40;;-233,49;1,06;-0,45;-0,1;;50,04;-13,62;-5,22;;3,22;-0,01;;8.991.139.764,53
BIDI4;3,41;;-234,18;1,06;-0,45;-0,1;;50,04;-13,62;-5,22;;3,22;-0,01;;8.991.139.764,53
BIOM3;7,30;;-12,89;3,69;-28,61;-16,03;-16,01;11,61;-40,66;-49,9;2,64;1,98;-0,57;611.000,27;925.943.183,60
BLAU3;12,84;2,63;8,59;1,05;12,18;7,81;10,97;38,95;22,09;15,16;3,23;12,27;1,49;3.499.785,36;2.303.418.176,76
BLUT3;5,14;;-5,63;0,46;-8,24;-2,45;-6,72;;;;0,0;11,09;-0,91;;14.115.600,06
BLUT4;1,52;;-1,66;0,14;-8,24;-2,45;-6,72;;;;0,0;11,09;-0,91;;14.115.600,06
BMEB3;33,00;6,13;7,26;1,82;25,07;1,76;;48,47;7,21;7,52;;18,14;4,55;23.584,55;3.717.335.074,00
BMEB4;39,50;5,64;8,69;2,18;25,07;1,76;;48,47;7,21;7,52;;18,14;4,55;397.494,18;3.717.335.074,00
BMGB4;3,72;10,38;7,57;0,49;6,53;0,57;;48,14;2,02;3,17;;7,52;0,49;1.561.479,55;2.169.624.568,92
BMIN3;20,00;1,77;11,71;0,69;5,85;2,0;;53,25;33,14;23,18;;29,17;1,71;2.000,00;94.444.585,30
BMIN4;17,10;8,19;10,01;0,59;5,85;2,0;;53,25;33,14;23,18;;29,17;1,71;1.698,00;94.444.585,30
BMKS3;400,00;8,28;12,66;0,9;7,09;6,24;-1,64;29,86;10,27;90,16;34,72;445,81;31,59;26.812,77;181.900.000,00
BMOB3;22,08;6,06;14,68;1,63;11,07;7,91;7,1;23,47;8,07;8,4;2,65;13,59;1,5;5.936.403,00;1.890.233.295,36
BNBR3;95,99;6,26;4,43;0,82;18,56;3,14;;47,75;48,71;27,28;;116,8;21,68;38.127,50;9.474.188.906,51
BOAS3;7,95;;15,22;1,83;12,04;11,16;4,65;56,53;19,25;32,39;12,37;4,34;0,52;;4.212.250.617,75
BOBR3;1,00;;3,57;275,96;;7,91;49,19;41,02;13,83;4,73;0,97;0,0;0,28;0,00;331.788.566,96
BOBR4;1,58;;5,65;436,02;;7,91;49,19;41,02;13,83;4,73;0,97;0,0;0,28;10.090,14;331.788.566,96
BPAC11;42,67;1,06;14,52;2,6;17,94;1,84;;40,18;40,87;33,57;;16,38;2,94;240.325.049,09;163.655.379.109,25
BPAC3;23,45;0,64;23,94;4,29;17,94;1,84;;40,18;40,87;33,57;;5,46;0,98;64.076,14;163.655.379.109,25
BPAC5;9,41;1,6;9,61;1,72;17,94;1,84;;40,18;40,87;33,57;;5,46;0,98;27.827,68;163.655.379.109,25
BPAN4;7,81;3,09;22,77;1,33;5,83;0,66;;41,02;1,14;3,24;0,08;5,88;0,34;12.100.292,59;9.911.437.402,90
BPAR3;117,42;6,67;3,04;0,55;17,9;2,01;;57,54;20,06;11,15;;215,43;38,56;0,00;1.118.032.025,58
BPAT33;44,05;;6,98;0,66;9,46;1,35;;51,56;21,77;5,61;;66,71;6,31;;1.533.769.021,00
BPHA3;0,62;;0,06;-0,24;-402,5;;-36,75;98,02;;;0,06;-2,58;10,4;;70.110.298,74
BRAP3;15,40;11,98;3,36;0,72;21,33;21,19;20,63;;;;5,41;21,5;4,59;801.145,82;6.321.549.841,60
BRAP4;16,45;12,33;3,59;0,77;21,33;21,19;20,63;;;;5,41;21,5;4,59;52.566.519,55;6.321.549.841,60
BRAV3;18,00;;53,87;0,75;1,39;0,36;9,09;27,19;27,69;1,62;1,4;24,02;0,33;148.717.977,23;8.355.374.316,00
BRBI11;16,55;12,15;9,28;2,18;23,53;1,21;-0,11;100,0;5,56;51,05;1,04;7,58;1,78;2.603.851,64;1.737.678.901,20
BRBI3;0,00;;0,0;0,0;23,53;1,21;-0,11;100,0;5,56;51,05;1,04;2,53;0,59;;1.737.678.901,20
BRBI4;0,00;;0,0;0,0;23,53;1,21;-0,11;100,0;5,56;51,05;1,04;2,53;0,59;;1.737.678.901,20
BRFS3;19,80;3,56;8,69;2,08;23,89;6,09;16,06;26,24;11,77;6,03;1,46;9,54;2,28;160.312.931,86;33.312.970.270,80
BRGE11;13,18;;33,11;0,52;1,56;0,98;-2,81;;-798,17;824,67;3,06;25,56;0,4;;974.940.393,52
BRGE12;13,47;;33,84;0,53;1,56;0,98;-2,81;;-798,17;824,67;3,06;25,56;0,4;;974.940.393,52
BRGE3;13,50;;33,91;0,53;1,56;0,98;-2,81;;-798,17;824,67;3,06;25,56;0,4;;974.940.393,52
BRGE5;13,18;;33,11;0,52;1,56;0,98;-2,81;;-798,17;824,67;3,06;25,56;0,4;;974.940.393,52
BRGE6;12,92;;32,46;0,51;1,56;0,98;-2,81;;-798,17;824,67;3,06;25,56;0,4;;974.940.393,52
BRGE7;13,07;;32,83;0,51;1,56;0,98;-2,81;;-798,17;824,67;3,06;25,56;0,4;;974.940.393,52
BRGE8;13,17;;33,08;0,52;1,56;0,98;-2,81;;-798,17;824,67;3,06;25,56;0,4;;974.940.393,52
BRIV3;12,86;;388,74;0,67;0,17;0,01;;12,7;-0,94;0,09;4,0;19,32;0,03;;1.128.165.604,64
BRIV4;12,54;;379,07;0,65;0,17;0,01;;12,7;-0,94;0,09;4,0;19,32;0,03;;1.128.165.604,64
BRKM3;9,80;;-0,84;-1,84;-219,0;-9,72;-12,69;7,72;-1,19;-11,75;1,32;-5,31;-11,64;170.565,50;7.629.501.006,74
BRKM5;9,27;;-0,8;-1,74;-219,0;-9,72;-12,69;7,72;-1,19;-11,75;1,32;-5,31;-11,64;25.672.686,00;7.629.501.006,74
BRKM6;8,00;;-0,69;-1,51;-219,0;-9,72;-12,69;7,72;-1,19;-11,75;1,32;-5,31;-11,64;5.350,00;7.629.501.006,74
BRML3;8,26;;10,59;0,57;5,42;3,21;6,68;88,85;65,38;40,46;2,06;14,39;0,78;;6.770.891.280,44
BRPR3;131,17;;-0,56;0,05;-9,55;-6,86;-29,1;100,0;-336,36;-123,98;1,12;;-233,75;;60.919.545,44
BRQB3;0,00;;0,0;0,0;26,51;17,25;24,56;36,32;15,32;11,02;2,81;1,79;0,48;;0,00
BRSR3;12,26;8,93;6,54;0,47;7,26;0,51;;32,32;4,47;4,36;1,33;25,83;1,88;39.926,86;4.895.759.499,14
BRSR5;14,64;9,35;7,8;0,57;7,26;0,51;;32,32;4,47;4,36;1,33;25,83;1,88;2.535,00;4.895.759.499,14
BRSR6;11,68;9,37;6,23;0,45;7,26;0,51;;32,32;4,47;4,36;1,33;25,83;1,88;12.000.375,95;4.895.759.499,14
BRST3;2,84;1,45;10,73;0,8;7,44;2,86;5,76;42,4;14,96;8,46;1,54;3,56;0,26;459.422,45;1.243.941.405,08
BSEV3;9,00;;10,22;-10,84;-106,05;7,59;30,9;26,77;17,92;5,55;0,39;-0,83;0,88;;9.183.864.834,00
BSLI3;7,73;1,58;18,33;1,67;9,12;0,41;;34,29;1,94;2,3;;4,62;0,42;7.921,21;3.969.075.935,20
BSLI4;9,00;1,49;21,34;1,95;9,12;0,41;;34,29;1,94;2,3;;4,62;0,42;9.871,35;3.969.075.935,20
BTTL4;11.091,73;;;;10,5;8,31;-20,29;13,93;-53,45;81,38;13,71;3,68;0,39;;73.708.417,28
CALI3;25,00;1,08;10,41;1,03;9,93;2,83;6,61;24,5;27,21;17,48;4,15;24,18;2,4;0,00;174.720.000,00
CALI4;50,00;;20,83;2,07;9,93;2,83;6,61;24,5;27,21;17,48;4,15;24,18;2,4;;174.720.000,00
CAMB3;10,18;8,26;5,75;1,45;25,25;19,72;23,4;48,85;20,11;17,59;3,09;7,01;1,77;237.619,27;430.360.314,40
CAMB4;6,25;;3,53;0,89;25,25;19,72;23,4;48,85;20,11;17,59;3,09;7,01;1,77;;430.360.314,40
CAML3;5,31;4,86;6,5;0,54;8,27;2,57;6,54;15,02;4,99;2,31;1,64;9,88;0,82;5.411.052,45;1.858.500.000,00
CASH3;6,95;;-43,84;2,22;-5,07;-3,67;-14,45;-4,41;-4,41;-4,66;3,35;3,13;-0,16;18.382.943,18;783.236.428,55
CASN3;8,77;0,49;54,72;4,61;8,43;3,64;9,17;47,96;26,11;9,91;0,92;1,9;0,16;0,00;8.529.097.212,50
CASN4;6,07;0,78;37,87;3,19;8,43;3,64;9,17;47,96;26,11;9,91;0,92;1,9;0,16;0,00;8.529.097.212,50
CATA3;103,61;25,55;0,64;0,08;11,69;5,7;5,73;29,3;10,48;7,3;1,87;;160,66;;14.940.354,78
CATA4;0,00;;0,0;0,0;11,69;5,7;5,73;29,3;10,48;7,3;1,87;;160,66;;14.940.354,78
CBAV3;4,89;;17,62;0,74;4,22;1,35;9,82;13,69;11,48;2,05;1,77;6,57;0,28;19.224.629,50;3.183.745.488,33
CBEE3;9,44;;-48,83;0,63;-1,28;-0,4;6,51;18,26;9,85;-0,88;0,52;15,05;-0,19;1.897,83;3.587.573.333,12
CCXC3;1,16;;-0,25;-0,03;-10,66;-946,44;0,81;;;;0,01;-43,93;-4,68;;1.973.425,64
CEAB3;19,75;3,44;15,78;1,87;11,82;4,16;16,05;54,88;10,61;4,95;1,3;10,58;1,25;45.490.523,41;6.087.840.093,00
CEBR3;19,99;9,87;7,99;1,29;16,18;11,79;12,88;53,68;59,7;46,17;9,39;15,47;2,5;131.261,86;1.499.136.731,10
CEBR5;20,49;9,63;8,19;1,32;16,18;11,79;12,88;53,68;59,7;46,17;9,39;15,47;2,5;95.002,40;1.499.136.731,10
CEBR6;21,60;10,05;8,63;1,4;16,18;11,79;12,88;53,68;59,7;46,17;9,39;15,47;2,5;129.199,86;1.499.136.731,10
CEDO3;24,23;;2,43;0,77;31,82;10,28;18,15;28,99;15,04;9,64;1,19;31,37;9,98;4.263,00;213.408.809,92
CEDO4;17,50;;1,75;0,56;31,82;10,28;18,15;28,99;15,04;9,64;1,19;31,37;9,98;16.361,33;213.408.809,92
CEEB3;36,62;3,05;5,49;1,38;25,13;6,04;16,37;30,11;24,44;11,22;0,76;26,54;6,67;26.044,73;12.246.928.086,62
CEEB5;38,99;2,87;5,85;1,47;25,13;6,04;16,37;30,11;24,44;11,22;0,76;26,54;6,67;6.039,00;12.246.928.086,62
CEEB6;60,68;2,03;9,1;2,29;25,13;6,04;16,37;30,11;24,44;11,22;0,76;26,54;6,67;;12.246.928.086,62
CEED3;7,41;;-0,92;-0,14;-14,86;-7,43;13,84;19,32;3,96;-10,89;0,92;-53,96;-8,02;7.144,33;507.833.967,56
CEED4;20,00;;-2,49;-0,37;-14,86;-7,43;13,84;19,32;3,96;-10,89;0,92;-53,96;-8,02;0,00;507.833.967,56
CEGR3;96,72;;49,26;18,61;37,79;10,94;26,06;27,02;17,09;9,83;0,89;5,2;1,96;0,00;25.112.161.439,04
CEPE3;125,26;;445,05;5,85;1,31;0,16;9,92;19,81;12,04;0,26;0,91;21,4;0,28;;8.662.392.210,18
CEPE5;40,12;;142,55;1,87;1,31;0,16;9,92;19,81;12,04;0,26;0,91;21,4;0,28;;8.662.392.210,18
CEPE6;43,00;;152,78;2,01;1,31;0,16;9,92;19,81;12,04;0,26;0,91;21,4;0,28;;8.662.392.210,18
CESP3;25,55;;7,5;1,05;13,95;7,61;12,01;31,72;132,4;72,05;3,32;24,4;3,4;;8.302.192.833,55
CESP5;25,00;;7,34;1,02;13,95;7,61;12,01;31,72;132,4;72,05;3,32;24,4;3,4;;8.302.192.833,55
CESP6;25,25;;7,42;1,03;13,95;7,61;12,01;31,72;132,4;72,05;3,32;24,4;3,4;;8.302.192.833,55
CGAS3;126,01;8,49;5,92;11,88;200,7;19,81;30,61;20,2;20,03;18,54;1,11;10,61;21,29;21.872,88;16.698.919.167,87
CGAS5;129,20;8,45;6,07;12,18;200,7;19,81;30,61;20,2;20,03;18,54;1,11;10,61;21,29;93.862,79;16.698.919.167,87
CGRA3;29,30;10,87;5,82;0,64;10,93;7,79;6,33;52,2;10,2;14,07;2,52;46,02;5,03;119.278,05;598.364.083,20
CGRA4;28,90;11,02;5,75;0,63;10,93;7,79;6,33;52,2;10,2;14,07;2,52;46,02;5,03;314.832,41;598.364.083,20
CIEL3;5,83;;11,9;1,64;13,8;1,22;6,18;41,48;19,61;12,89;1,07;3,55;0,49;0,00;15.839.031.805,63
CLSA3;10,49;;-24,41;3,06;-12,52;-9,4;-29,1;33,36;-32,02;-16,96;2,19;3,43;-0,43;57.778.110,00;1.971.344.369,40
CLSC3;90,22;7,15;4,73;0,9;19,06;5,48;13,06;17,23;11,83;6,67;1,28;100,17;19,09;11.355,25;3.818.221.524,74
CLSC4;104,90;7,3;5,49;1,05;19,06;5,48;13,06;17,23;11,83;6,67;1,28;100,17;19,09;344.840,50;3.818.221.524,74
CMIG3;15,39;12,97;6,29;1,58;25,09;10,96;17,6;19,63;23,79;17,25;1,06;9,75;2,45;4.448.343,64;36.079.171.030,93
CMIG4;11,21;16,34;4,58;1,15;25,09;10,96;17,6;19,63;23,79;17,25;1,06;9,75;2,45;101.818.778,32;36.079.171.030,93
CMIN3;5,25;15,81;7,97;2,81;35,3;10,23;20,45;50,45;31,11;21,38;2,24;1,87;0,66;24.516.846,32;28.798.028.883,75
CMSA3;0,00;;0,0;0,0;;;;;;;38,28;0,0;0,0;;0,00
CMSA4;0,00;;0,0;0,0;;;;;;;38,28;0,0;0,0;;0,00
CNSY3;30,22;;-86,19;-23,75;-27,56;-6,23;4,37;18,72;7,08;-7,71;0,41;-1,27;-0,35;;935.885.083,86
COCE3;26,51;;7,09;0,41;5,77;2,12;10,2;18,88;14,5;3,5;0,55;64,79;3,74;9.787,43;2.111.305.882,07
COCE5;28,10;;7,51;0,43;5,77;2,12;10,2;18,88;14,5;3,5;0,55;64,79;3,74;123.889,82;2.111.305.882,07
COCE6;12,83;;3,43;0,2;5,77;2,12;10,2;18,88;14,5;3,5;0,55;64,79;3,74;0,00;2.111.305.882,07
COGN3;2,92;2,28;5,57;0,44;7,9;4,06;5,43;67,94;21,89;15,13;1,38;6,63;0,52;79.886.672,55;5.479.690.133,20
CORR3;2,71;;0,01;0,01;152,84;44,18;126,45;100,0;;;4,25;201,49;307,95;;1.278.894,65
CORR4;82,00;;0,27;0,41;152,84;44,18;126,45;100,0;;;4,25;201,49;307,95;;1.278.894,65
CPFE3;41,15;6,79;8,89;2,13;23,97;6,78;16,29;31,69;25,03;12,37;0,99;19,31;4,63;38.898.545,14;47.415.270.206,00
CPLE3;11,57;6,42;11,72;1,31;11,2;4,89;8,38;22,1;19,07;12,73;1,48;8,81;0,99;54.191.278,45;35.907.563.069,40
CPLE5;13,56;6,02;13,74;1,54;11,2;4,89;8,38;22,1;19,07;12,73;1,48;8,81;0,99;5.859,07;35.907.563.069,40
CPLE6;12,40;6,59;12,56;1,41;11,2;4,89;8,38;22,1;19,07;12,73;1,48;8,81;0,99;118.227.329,59;35.907.563.069,40
CPRE3;18,23;;9,29;2,11;22,74;10,72;23,24;63,99;48,06;32,27;0,97;8,63;1,96;;10.824.655.047,92
CREM3;14,50;;32,7;2,45;7,5;2,05;9,29;30,3;7,39;2,1;1,29;5,91;0,44;;465.122.474,00
CRFB3;8,48;1,13;9,22;0,85;9,21;1,99;8,19;18,15;3,72;1,65;1,0;9,98;0,92;105.156.959,00;17.884.800.909,28
CRIV3;6,98;;35,1;0,66;1,89;0,12;;20,26;0,43;0,99;131,56;10,5;0,2;;707.929.532,00
CRIV4;6,74;;33,89;0,64;1,89;0,12;;20,26;0,43;0,99;131,56;10,5;0,2;;707.929.532,00
CRPG3;18,50;;-4,91;1,25;-25,52;-18,46;-28,99;0,29;-7,15;-18,17;5,52;14,77;-3,77;2.348,00;492.902.206,33
CRPG5;16,17;;-4,29;1,09;-25,52;-18,46;-28,99;0,29;-7,15;-18,17;5,52;14,77;-3,77;62.889,09;492.902.206,33
CRPG6;18,99;;-5,04;1,29;-25,52;-18,46;-28,99;0,29;-7,15;-18,17;5,52;14,77;-3,77;6.263,50;492.902.206,33
CSAB3;30,50;;12,39;1,11;8,94;4,57;;-124,0;;;4,45;27,56;2,46;;305.164.800,00
CSAB4;48,97;;19,89;1,78;8,94;4,57;;-124,0;;;4,45;27,56;2,46;;305.164.800,00
CSAN3;7,13;;-1,21;1,69;-139,63;-8,64;-1,73;31,23;5,69;-25,18;2,13;4,23;-5,9;114.677.142,41;13.308.650.745,16
CSED3;5,10;7,37;9,68;1,19;12,34;4,0;18,13;49,42;20,05;7,3;1,35;4,27;0,53;1.861.466,77;1.859.167.015,20
CSMG3;28,64;5,82;7,81;1,31;16,8;8,75;11,83;43,05;25,74;17,26;1,22;21,82;3,67;57.163.141,23;10.890.447.896,16
CSNA3;8,20;6,71;-4,15;0,83;-20,03;-2,63;6,33;26,82;10,19;-5,84;1,64;9,87;-1,98;61.946.670,27;10.873.970.365,40
CSRN3;13,60;9,67;4,14;1,5;36,26;9,28;18,23;30,55;25,24;14,95;1,55;9,06;3,28;0,00;2.273.440.192,00
CSRN5;15,10;9,58;4,6;1,67;36,26;9,28;18,23;30,55;25,24;14,95;1,55;9,06;3,28;0,00;2.273.440.192,00
CSRN6;15,50;9,33;4,72;1,71;36,26;9,28;18,23;30,55;25,24;14,95;1,55;9,06;3,28;0,00;2.273.440.192,00
CSUD3;18,58;6,07;8,5;1,57;18,47;12,89;16,91;42,13;22,26;15,78;1,27;11,83;2,19;429.847,23;776.644.000,00
CTAX3;1,19;;-0,2;0,3;-150,24;-14,54;-18,03;10,75;-15,27;-41,14;0,38;4,02;-6,04;8.427,62;31.785.323,64
CTCA3;0,00;;0,0;0,0;15,6;12,13;9,42;67,04;31,43;41,57;5,53;3,51;0,55;;0,00
CTKA3;34,18;;1,77;11,43;647,44;16,97;13,64;46,54;13,8;16,86;1,87;2,99;19,36;6.578,00;221.481.775,72
CTKA4;37,00;;1,91;12,37;647,44;16,97;13,64;46,54;13,8;16,86;1,87;2,99;19,36;13.766,57;221.481.775,72
CTNM3;7,13;;-0,46;-0,4;-87,41;-17,41;-64,38;-7,79;-78,5;-74,73;0,28;-17,73;-15,5;0,00;113.580.609,02
CTNM4;0,86;;-0,06;-0,05;-87,41;-17,41;-64,38;-7,79;-78,5;-74,73;0,28;-17,73;-15,5;0,00;113.580.609,02
CTSA3;2,68;;-0,15;0,09;-56,53;-19,76;-18,84;-38,14;-82,33;-124,6;0,49;31,16;-17,62;6.199,50;18.642.602,60
CTSA4;2,38;;-0,14;0,08;-56,53;-19,76;-18,84;-38,14;-82,33;-124,6;0,49;31,16;-17,62;5.460,64;18.642.602,60
CTSA8;0,00;;0,0;0,0;-56,53;-19,76;-18,84;-38,14;-82,33;-124,6;0,49;31,16;-17,62;;18.642.602,60
CURY3;29,73;4,98;12,02;7,65;63,68;14,82;30,98;38,82;21,36;16,77;2,26;3,89;2,47;52.499.175,50;8.677.446.366,24
CVCB3;2,50;;-17,2;2,53;-14,72;-2,05;7,39;94,0;7,14;-5,29;0,88;0,99;-0,15;24.084.829,18;1.313.977.742,50
CXSE3;14,91;7,69;11,3;3,19;28,22;27,78;27,15;;;;9,32;4,68;1,32;61.358.854,18;44.730.000.000,00
CYRE3;26,00;4,11;5,84;1,07;18,28;7,82;11,2;32,6;24,36;20,48;3,36;24,35;4,45;92.907.233,23;9.984.000.000,00
DASA3;1,38;;-1,52;0,22;-14,55;-4,02;4,99;27,64;7,53;-7,38;1,92;6,23;-0,91;1.598.663,18;1.731.909.726,24
DESK3;9,51;0,39;12,2;0,8;6,59;2,52;11,1;62,22;31,24;7,82;1,37;11,82;0,78;1.110.237,27;1.101.999.875,10
DEXP3;9,44;5,58;6,6;1,03;15,64;9,63;13,4;17,59;11,84;7,72;3,06;9,15;1,43;662.667,50;1.029.930.009,02
DEXP4;9,10;5,91;6,36;1,0;15,64;9,63;13,4;17,59;11,84;7,72;3,06;9,15;1,43;85.086,95;1.029.930.009,02
DIRR3;41,05;9,09;10,91;3,27;29,96;6,15;16,56;37,03;22,2;18,26;3,82;12,56;3,76;60.493.308,36;7.122.175.000,00
DMMO3;1,76;;3,09;0,41;13,29;0,62;;45,67;4,75;3,87;;4,29;0,57;;949.254.731,04
DMVF3;4,94;;10,02;0,28;2,78;1,36;6,47;30,38;2,82;1,11;1,08;17,72;0,49;314.350,41;249.978.039,48
DOHL3;6,51;0,15;-45,86;0,71;-1,55;-1,1;-0,96;22,38;-0,27;-1,7;4,88;9,14;-0,14;2.557,00;439.295.368,20
DOHL4;4,00;0,28;-28,18;0,44;-1,55;-1,1;-0,96;22,38;-0,27;-1,7;4,88;9,14;-0,14;4.449,95;439.295.368,20
DOTZ3;6,72;;-12,3;-0,36;-2,94;-3,86;-1,35;81,9;2,98;-4,48;0,23;-18,57;-0,55;128.914,59;89.523.692,16
DTCY3;3,10;;-10,35;-7,12;-68,81;-59,64;106,69;16,9;-52,6;-62,81;0,54;-0,44;-0,3;16.176,11;61.320.478,60
DTCY4;62,60;;-209,0;-143,82;-68,81;-59,64;106,69;16,9;-52,6;-62,81;0,54;-0,44;-0,3;;61.320.478,60
DXCO3;5,72;0,94;18,2;0,68;3,75;1,43;6,59;28,62;12,03;3,14;1,37;8,38;0,31;12.523.213,41;4.693.638.927,12
EALT3;15,11;1,26;3,59;1,01;28,11;14,7;23,85;29,1;20,65;16,13;1,27;14,98;4,21;9.475,17;332.197.500,00
EALT4;14,50;1,45;3,44;0,97;28,11;14,7;23,85;29,1;20,65;16,13;1,27;14,98;4,21;125.993,36;332.197.500,00
ECOR3;7,35;;6,25;1,43;22,93;2,53;10,52;39,22;35,46;8,06;0,9;5,13;1,18;24.949.312,09;5.118.056.546,40
ECPR3;90,25;;-9,87;1,21;-12,28;-6,29;-7,36;;;;2,97;74,46;-9,14;;171.908.947,31
ECPR4;90,74;;-9,92;1,22;-12,28;-6,29;-7,36;;;;2,97;74,46;-9,14;;171.908.947,31
EEEL3;294,77;;4,74;0,94;19,76;7,34;14,27;55,65;49,33;26,05;1,28;314,98;62,24;;2.840.511.499,76
EEEL4;410,00;;6,59;1,3;19,76;7,34;14,27;55,65;49,33;26,05;1,28;314,98;62,24;;2.840.511.499,76
EGIE3;46,30;5,02;11,23;3,13;27,84;6,38;14,15;53,62;55,8;28,94;1,27;14,81;4,12;58.107.039,45;37.777.454.362,00
EKTR3;35,01;12,76;6,76;3,29;48,71;8,48;17,8;27,63;22,44;10,92;1,05;10,63;5,18;21.022,00;8.007.070.166,58
EKTR4;47,02;10,45;9,08;4,42;48,71;8,48;17,8;27,63;22,44;10,92;1,05;10,63;5,18;20.317,59;8.007.070.166,58
ELEK3;19,11;;24,46;2,66;10,87;4,36;4,38;11,39;2,82;2,53;1,94;7,19;0,78;;905.051.916,30
ELEK4;36,99;;47,34;5,15;10,87;4,36;4,38;11,39;2,82;2,53;1,94;7,19;0,78;;905.051.916,30
ELET3;41,01;4,29;9,76;0,78;7,98;3,44;11,33;44,48;52,13;23,16;2,29;52,63;4,2;226.948.298,23;95.895.407.091,90
ELET5;82,50;2,95;19,64;1,57;7,98;3,44;11,33;44,48;52,13;23,16;2,29;52,63;4,2;8.250,00;95.895.407.091,90
ELET6;45,36;4,26;10,8;0,86;7,98;3,44;11,33;44,48;52,13;23,16;2,29;52,63;4,2;44.853.334,32;95.895.407.091,90
ELMD3;31,00;0,64;39,74;4,53;11,4;3,51;9,16;49,42;24,62;8,95;1,76;6,85;0,78;344.712,90;4.455.057.771,00
ELPL3;8,31;;2,49;0,46;18,36;3,52;21,52;21,82;16,55;5,01;0,69;18,19;3,34;;2.485.315.360,74
EMAE3;150,02;0,51;83,22;4,5;5,41;3,09;-0,17;36,47;0,3;10,8;3,91;33,33;1,8;15.002,00;2.917.831.007,00
EMAE4;32,00;2,62;17,75;0,96;5,41;3,09;-0,17;36,47;0,3;10,8;3,91;33,33;1,8;131.988,91;2.917.831.007,00
EMBR3;83,08;0,08;27,84;3,36;12,07;3,29;11,11;17,79;10,93;5,91;1,32;24,73;2,98;318.461.698,36;61.517.835.855,52
ENAT3;21,80;;10,29;1,29;12,53;4,43;8,6;24,54;56,1;25,34;3,9;16,91;2,12;201.679.399,00;5.785.005.265,20
ENBR3;24,08;5,18;6,81;1,16;17,02;4,9;13,34;26,81;22,09;11,38;1,44;20,77;3,54;;13.994.459.653,44
ENEV3;13,88;;55,05;1,4;2,55;0,89;2,09;31,26;17,71;3,53;1,53;9,9;0,25;85.602.799,91;26.824.373.725,96
ENGI11;48,59;5,97;6,07;1,24;20,36;4,68;9,41;24,92;17,38;10,73;1,38;39,29;8,0;94.392.179,82;22.248.628.875,03
ENGI3;11,99;4,84;7,49;1,53;20,36;4,68;9,41;24,92;17,38;10,73;1,38;7,86;1,6;34.404,41;22.248.628.875,03
ENGI4;9,19;4,13;5,74;1,17;20,36;4,68;9,41;24,92;17,38;10,73;1,38;7,86;1,6;36.863,18;22.248.628.875,03
ENJU3;1,13;;-11,12;0,74;-6,64;-4,94;-9,78;56,63;-11,09;-7,88;3,2;1,53;-0,1;979.078,05;231.670.328,70
ENMA3B;50,49;;10,9;2,06;18,85;7,63;12,79;29,44;17,22;12,37;1,05;24,56;4,63;;
ENMA6B;83,99;;18,14;3,42;18,85;7,63;12,79;29,44;17,22;12,37;1,05;24,56;4,63;;
ENMT3;65,90;4,21;11,43;3,64;31,81;8,93;17,21;30,96;24,73;15,85;1,04;18,12;5,77;41.808,43;15.632.935.966,10
ENMT4;74,30;3,73;12,89;4,1;31,81;8,93;17,21;30,96;24,73;15,85;1,04;18,12;5,77;3.800,00;15.632.935.966,10
EPAR3;4,96;37,05;12,84;1,35;10,5;8,31;-20,29;13,93;-53,45;81,38;13,71;3,68;0,39;18.537,95;73.708.417,28
EQPA3;5,84;11,28;6,22;3,0;48,25;13,54;26,14;32,35;25,13;19,33;1,19;1,95;0,94;31.367,68;12.910.611.626,96
EQPA5;7,45;8,84;7,93;3,83;48,25;13,54;26,14;32,35;25,13;19,33;1,19;1,95;0,94;0,00;12.910.611.626,96
EQPA6;8,00;8,23;8,52;4,11;48,25;13,54;26,14;32,35;25,13;19,33;1,19;1,95;0,94;0,00;12.910.611.626,96
EQPA7;8,05;8,18;8,57;4,14;48,25;13,54;26,14;32,35;25,13;19,33;1,19;1,95;0,94;4.025,00;12.910.611.626,96
EQTL3;36,00;2,19;14,62;1,69;11,53;2,67;10,35;28,4;19,18;6,55;1,24;21,35;2,46;240.369.739,27;45.163.731.168,00
ESPA3;1,12;0,12;46,51;0,47;1,0;0,38;8,22;32,88;14,5;0,84;1,48;2,4;0,02;262.824,77;404.793.833,92
ESTR3;5,00;;-1,52;-0,07;-4,63;-8,06;-0,05;41,9;0,15;-16,17;0,14;-70,89;-3,28;0,00;32.172.330,00
ESTR4;3,47;;-1,06;-0,05;-4,63;-8,06;-0,05;41,9;0,15;-16,17;0,14;-70,89;-3,28;1.625,86;32.172.330,00
ETER3;4,06;3,1;9,03;0,32;3,49;2,13;-0,8;19,9;1,87;2,36;1,72;12,87;0,45;263.159,55;250.812.894,50
EUCA3;20,85;3,21;8,02;0,73;9,07;4,96;9,55;34,04;14,02;8,13;2,06;28,64;2,6;20.928,26;1.802.865.835,56
EUCA4;18,76;3,92;7,22;0,66;9,07;4,96;9,55;34,04;14,02;8,13;2,06;28,64;2,6;1.015.018,95;1.802.865.835,56
EVEN3;7,31;5,47;47,05;0,78;1,65;0,6;1,38;26,88;4,37;1,68;4,38;9,43;0,16;3.569.120,86;1.462.000.000,00
EZTC3;14,01;8,34;7,0;0,63;9,02;6,35;5,06;35,19;22,74;27,07;7,71;22,17;2,0;12.303.791,18;3.096.057.333,03
FBMC3;0,00;;0,0;0,0;-24,19;-36,57;25,82;-60,76;-92,67;-101,97;0,31;-87,48;-21,16;;904.253,84
FBMC4;1,96;;-0,09;-0,02;-24,19;-36,57;25,82;-60,76;-92,67;-101,97;0,31;-87,48;-21,16;;904.253,84
FESA3;11,85;3,84;13,48;1,24;9,23;7,16;3,38;19,68;6,09;13,64;3,09;9,52;0,88;2.803,00;3.036.127.750,00
FESA4;6,97;7,18;7,93;0,73;9,23;7,16;3,38;19,68;6,09;13,64;3,09;9,52;0,88;3.191.750,50;3.036.127.750,00
FHER3;3,95;;-0,4;-0,44;-110,03;-18,67;47,11;3,44;-4,47;-11,35;0,91;-8,91;-9,8;143.166,45;212.736.271,80
FICT3;3,45;;4,27;2,08;48,68;37,26;-44,5;93,46;3,1;62,27;6,84;1,66;0,81;53.080,14;82.126.898,10
FIEI3;11,97;;-45,59;0,37;-0,8;-0,6;-0,61;64,9;-14,12;-25,37;2,05;32,79;-0,26;108.747,67;28.993.171,41
FIGE3;11,94;;2,49;0,17;6,96;6,84;;100,0;92,02;62,87;;68,86;4,79;0,00;9.457.960,56
FIGE4;0,00;;0,0;0,0;6,96;6,84;;100,0;92,02;62,87;;68,86;4,79;;9.457.960,56
FIQE3;3,92;2,53;8,15;1,16;14,27;7,5;12,41;50,81;25,62;16,64;1,55;3,37;0,48;641.390,09;1.419.234.467,28
FLEX3;0,00;;0,0;0,0;-81,0;-290,31;80,12;19,49;-100,31;-141,8;0,11;-132,45;-107,28;;0,00
FLRY3;13,05;7,8;11,38;1,37;12,01;4,73;9,39;27,58;15,44;8,05;2,29;9,55;1,15;28.130.614,91;7.140.842.889,30
FNCN3;14,25;;-0,07;0,02;-28,51;-6,51;;-45,24;-83,42;-50,05;1,43;739,68;-210,92;;13.021.336,50
FRAS3;27,74;3,1;22,85;3,51;15,38;4,87;9,42;33,57;13,35;7,36;2,19;7,89;1,21;9.832.426,41;7.490.253.354,82
FRIO3;220,00;;-61,64;4,22;-6,84;-1,16;11,39;16,65;6,99;-0,98;1,23;52,17;-3,57;160.099,75;1.382.984.460,00
FRTA3;1,31;;-0,49;-0,04;-7,17;-17,77;17,57;16,57;-16,43;-72,29;0,03;-36,95;-2,65;;2.690.223,86
FTRT3B;0,00;;0,0;0,0;-0,95;-0,9;-2,42;;;;0,0;0,01;0,0;;0,00
G2DI33;1,48;;-1,37;0,22;-16,08;-15,33;-14,37;100,0;113,89;122,19;2,16;6,71;-1,08;34.242,95;170.283.454,24
GBIO33;10,40;;-14,97;1,32;-8,83;-5,29;-0,1;43,48;3,79;-10,14;1,31;7,86;-0,69;;1.108.871.982,40
GEPA3;36,00;19,48;4,08;;;;;13,64;24,48;59,3;;0,0;8,82;10.022,67;3.399.598.188,00
GEPA4;36,00;19,48;4,08;;;;;13,64;24,48;59,3;;0,0;8,82;23.278,00;3.399.598.188,00
GETT11;4,81;;15,12;2,48;16,41;1,07;10,57;41,43;18,41;17,71;1,03;1,94;0,32;;
GETT3;2,40;;7,55;1,24;16,41;1,07;10,57;41,43;18,41;17,71;1,03;1,94;0,32;;
GETT4;2,40;;7,55;1,24;16,41;1,07;10,57;41,43;18,41;17,71;1,03;1,94;0,32;;
GFSA3;18,98;;-3,25;0,06;-1,97;-0,8;-3,99;-5,6;-8,6;-3,98;1,67;296,52;-5,84;6.473.377,73;127.712.263,38
GGBR3;15,25;4,2;9,45;0,55;5,84;3,82;7,3;12,8;8,98;4,8;2,64;27,62;1,61;630.589,68;32.934.041.529,15
GGBR4;16,78;3,81;10,4;0,61;5,84;3,82;7,3;12,8;8,98;4,8;2,64;27,62;1,61;163.678.467,41;32.934.041.529,15
GGPS3;16,50;1,96;16,78;3,04;18,15;4,6;12,08;14,79;8,44;4,21;2,34;5,42;0,98;37.839.309,73;11.175.131.583,00
GMAT3;8,07;2,68;13,01;1,81;13,93;6,93;16,58;22,79;6,75;4,22;2,4;4,45;0,62;24.030.673,27;18.145.151.560,38
GNDI3;66,95;;;5,84;-0,16;-0,07;2,22;18,55;3,28;-0,1;1,17;11,47;-0,02;;41.526.443.086,05
GOAU3;9,39;3,62;8,35;0,48;5,74;1,3;7,27;12,8;8,96;1,64;2,64;19,58;1,12;224.022,32;9.330.897.499,56
GOAU4;9,39;3,62;8,35;0,48;5,74;1,3;7,27;12,8;8,96;1,64;2,64;19,58;1,12;62.105.830,50;9.330.897.499,56
GOLL4;0,80;;-864,89;-264,87;-30,63;-36,12;29,82;28,65;-2,34;-42,3;0,25;0,0;0,0;38.338.367,44;962.683.405.967,82
GPAR3;22,90;;55,5;2,31;4,16;3,81;-1,52;53,15;-10,38;101,73;29,82;9,91;0,41;2.290,00;1.824.591.895,80
GPIV33;3,85;;-1,4;0,19;-13,84;-6,97;-15,23;100,0;520,66;282,88;2,74;19,9;-2,75;19.421,41;260.779.314,95
GRAO3;0,00;;0,0;0,0;20,44;2,91;17,55;4,65;3,97;1,01;0,91;1,66;0,34;;0,00
GRND3;5,46;8,85;6,95;1,25;18,02;15,15;10,42;47,65;19,36;26,72;4,47;4,36;0,79;14.230.482,41;4.925.793.600,00
GSHP3;4,28;;-0,01;-0,01;-41,63;-49,37;-13,76;66,69;-47,86;-319,28;0,92;-730,92;-304,25;11.942,69;8.255.131,32
GUAR3;8,83;;13,54;0,82;6,05;2,46;8,67;59,41;8,05;3,31;1,49;10,78;0,65;5.249.741,09;4.407.936.000,00
HAGA3;1,95;;11,71;-0,46;-3,9;2,95;1,45;24,83;-0,38;6,53;2,43;-4,27;0,17;1.828,53;17.334.333,58
HAGA4;1,21;;7,27;-0,28;-3,9;2,95;1,45;24,83;-0,38;6,53;2,43;-4,27;0,17;8.009,05;17.334.333,58
HAPV3;35,63;;-33,89;0,37;-1,08;-0,71;1,06;12,35;3,14;-1,82;2,1;97,22;-1,05;186.894.682,23;17.908.738.396,92
HBOR3;2,32;4,36;5,44;0,21;3,91;0,89;4,42;33,62;17,84;4,48;1,61;10,91;0,43;3.732.212,86;310.534.487,04
HBRE3;3,37;;9,81;0,17;1,74;0,69;5,8;75,6;162,66;20,75;1,57;19,78;0,34;1.073.309,05;347.746.865,97
HBSA3;3,56;;-9,18;5,1;-55,55;-8,42;-6,33;6,52;-18,24;-36,82;1,67;0,7;-0,39;9.344.644,55;4.842.962.209,08
HBTS3;0,00;;0,0;0,0;3,17;1,27;-0,04;51,42;15,3;29,66;1,37;70,91;2,25;;
HBTS5;30,00;;13,33;0,42;3,17;1,27;-0,04;51,42;15,3;29,66;1,37;70,91;2,25;7.350,00;
HBTS6;0,00;;0,0;0,0;3,17;1,27;-0,04;51,42;15,3;29,66;1,37;70,91;2,25;;
HETA3;96,00;;60,97;-0,14;-0,23;5,59;-12,91;100,0;89,3;19,3;0,75;-689,22;1,57;0,00;18.298.413,50
HETA4;5,50;;3,49;-0,01;-0,23;5,59;-12,91;100,0;89,3;19,3;0,75;-689,22;1,57;550,67;18.298.413,50
HGTX3;37,50;;101,99;3,57;3,51;2,43;-7,32;40,58;-0,59;4,1;2,47;10,49;0,37;;6.095.022.637,50
HOOT3;0,00;;0,0;0,0;-169,21;15,51;-149,85;69,51;73,02;45,44;0,64;-2,61;4,41;;31.025.361,42
HOOT4;3,93;;0,89;-1,51;-169,21;15,51;-149,85;69,51;73,02;45,44;0,64;-2,61;4,41;42.367,43;31.025.361,42
HYPE3;27,78;4,21;21,76;1,5;6,89;3,32;1,88;56,39;15,15;12,08;1,26;18,53;1,28;83.907.182,68;17.596.430.462,94
IDVL3;2,16;;-0,99;0,93;-94,38;-5,67;;-18,91;-40,19;-154,6;1,26;2,31;-2,18;;224.007.574,38
IDVL4;2,67;;-1,22;1,16;-94,38;-5,67;;-18,91;-40,19;-154,6;1,26;2,31;-2,18;;224.007.574,38
IFCM3;0,05;;-0,04;-0,5;;-117,3;-227,14;29,7;-149,16;-165,92;0,73;-0,1;-1,16;656.643,59;74.020.414,35
IGBR3;175,99;;0,56;-0,34;-60,1;184,1;-146,75;100,0;;;0,33;-520,56;312,87;;220.074.791,04
IGSN3;0,00;;0,0;0,0;-9,67;-2,03;2,98;35,6;24,81;-13,88;1,04;6,91;-0,67;;0,00
IGTA3;33,00;;14,5;1,42;9,81;5,81;8,39;66,58;58,35;34,66;4,11;23,2;2,28;;5.444.845.626,00
IGTI11;22,97;2,94;21,68;2,09;9,66;4,76;8,18;69,32;61,18;33,6;4,9;10,97;1,06;58.739.125,36;6.066.584.419,10
IGTI3;2,80;3,44;7,93;0,77;9,66;4,76;8,18;69,32;61,18;33,6;4,9;3,66;0,35;130.143,77;6.066.584.419,10
IGTI4;10,00;2,89;28,31;2,74;9,66;4,76;8,18;69,32;61,18;33,6;4,9;3,66;0,35;1.034,00;6.066.584.419,10
INEP3;2,11;;-0,4;-0,07;-16,06;-24,94;17,08;-48,0;;;0,08;-32,47;-5,22;56.942,91;88.815.121,28
INEP4;1,69;;-0,32;-0,05;-16,06;-24,94;17,08;-48,0;;;0,08;-32,47;-5,22;61.241,55;88.815.121,28
INNT3;0,00;;0,0;0,0;27,56;4,93;13,17;29,86;16,6;13,11;1,07;2,65;0,73;;0,00
INTB3;15,12;3,05;11,35;1,68;14,84;8,53;10,79;29,79;9,74;9,41;2,77;8,98;1,33;33.099.153,00;4.953.479.983,20
IRBR3;46,46;;5,41;0,75;13,82;4,38;;12,67;12,9;11,72;1,36;62,16;8,59;35.564.583,86;3.802.420.483,56
ISAE3;30,94;7,63;5,71;1,0;17,48;7,98;13,08;46,33;63,15;42,48;3,77;30,98;5,42;86.081,14;17.350.691.445,72
ISAE4;23,37;10,1;4,31;0,75;17,48;7,98;13,08;46,33;63,15;42,48;3,77;30,98;5,42;29.161.897,50;17.350.691.445,72
ITEC3;40,10;;-35,12;22,04;-62,76;-26,24;-174,07;-121,18;;;5,23;1,82;-1,14;;443.994.658,60
ITSA3;11,14;7,73;8,05;1,43;17,71;13,75;16,74;28,63;207,75;185,53;1,97;7,82;1,38;862.658,82;122.110.263.548,02
ITSA4;11,09;7,98;8,01;1,42;17,71;13,75;16,74;28,63;207,75;185,53;1,97;7,82;1,38;225.986.302,73;122.110.263.548,02
ITUB3;33,60;8,08;8,67;1,8;20,77;1,49;;39,07;13,67;11,84;;18,65;3,87;13.895.308,09;384.428.820.549,12
ITUB4;37,74;7,19;9,74;2,02;20,77;1,49;;39,07;13,67;11,84;;18,65;3,87;609.946.937,55;384.428.820.549,12
JALL3;3,88;1,74;-21,05;0,59;-2,79;-0,78;5,82;27,33;20,18;-2,39;2,19;6,6;-0,18;1.885.686,32;1.177.742.432,32
JBSS3;39,03;15,37;3,11;0,78;25,15;4,55;12,67;15,03;5,75;2,46;1,62;49,88;12,55;3.273.787.576,50;33.886.010.979,81
JFEN3;1,83;;-0,09;-0,58;-616,49;-29,44;-148,3;-23,76;-84,38;-106,13;1,76;-3,18;-19,61;10.640,14;22.543.257,60
JHSF3;5,29;7,62;3,38;0,63;18,55;7,33;11,73;58,77;90,78;62,12;2,1;8,44;1,57;11.762.646,41;3.604.197.379,24
JOPA3;22,00;2,88;11,62;0,39;3,33;0,88;4,39;21,67;4,8;0,92;1,82;56,89;1,89;33.455,20;233.074.678,00
JOPA4;24,00;2,9;12,67;0,42;3,33;0,88;4,39;21,67;4,8;0,92;1,82;56,89;1,89;0,00;233.074.678,00
JSLG3;5,95;7,07;8,29;0,95;11,48;1,63;11,9;16,7;13,24;2,21;1,62;6,25;0,72;2.895.656,05;1.704.264.914,10
KEPL3;8,10;8,08;8,44;2,04;24,17;11,39;16,89;28,03;15,9;10,89;2,01;3,97;0,96;7.731.660,91;1.455.733.053,00
KLBN11;19,46;6,02;13,31;2,79;20,94;3,14;8,51;36,72;22,03;9,0;1,96;6,98;1,46;87.631.722,41;24.051.322.464,65
KLBN3;3,98;5,89;13,61;2,85;20,94;3,14;8,51;36,72;22,03;9,0;1,96;1,4;0,29;1.445.301,45;24.051.322.464,65
KLBN4;3,89;6,03;13,31;2,79;20,94;3,14;8,51;36,72;22,03;9,0;1,96;1,4;0,29;6.639.544,73;24.051.322.464,65
KRSA3;8,87;;-2,79;0,96;-34,27;-5,12;6,41;19,15;11,05;-10,86;1,84;9,28;-3,18;0,00;685.959.729,22
LAME3;6,60;;21,15;1,91;9,02;1,34;2,89;32,9;4,35;2,27;1,72;3,46;0,31;;12.391.135.396,59
LAME4;6,57;;21,06;1,9;9,02;1,34;2,89;32,9;4,35;2,27;1,72;3,46;0,31;;12.391.135.396,59
LAND3;10,44;0,69;94,63;1,38;1,46;1,11;2,69;93,7;31,99;14,35;0,8;7,58;0,11;525.199,73;1.004.609.483,28
LAVV3;12,62;7,99;6,86;1,65;24,07;10,19;15,28;34,22;26,28;22,48;4,85;7,64;1,84;5.074.718,91;2.466.381.522,24
LCAM3;24,15;;17,29;0,81;4,71;4,19;1,84;14,91;8,11;8,59;7,55;29,67;1,4;;12.285.815.275,65
LEVE3;30,12;8,76;8,17;4,6;56,36;13,46;34,9;27,77;16,85;10,4;1,34;6,54;3,69;6.330.793,09;4.082.434.680,00
LHER3;0,00;;0,0;0,0;1,95;0,67;3,94;63,41;22,35;10,99;6,36;141,54;2,76;;0,00
LHER4;0,00;;0,0;0,0;1,95;0,67;3,94;63,41;22,35;10,99;6,36;141,54;2,76;;0,00
LIGT3;6,58;;1,01;0,43;42,92;9,02;10,04;19,59;10,79;15,82;1,44;15,14;6,5;8.720.680,68;2.451.414.031,92
LINX3;37,40;;-90,95;4,38;-4,81;-3,02;-2,23;68,7;-4,79;-8,67;2,14;8,55;-0,41;;7.083.895.104,00
LIPR3;36,01;1,99;18,01;1,81;10,03;9,84;7,15;;;;87,6;19,93;2,0;3.601,00;423.653.652,89
LJQQ3;2,60;3,99;-6,34;1,0;-15,83;-2,47;2,21;34,32;1,7;-3,09;1,54;2,59;-0,41;4.598.822,09;537.984.883,80
LOGG3;20,78;9,4;4,87;0,5;10,2;5,56;8,48;97,66;241,43;169,3;1,18;41,8;4,26;3.934.254,86;1.825.713.220,12
LOGN3;26,00;;38,84;2,76;7,1;1,82;11,47;15,78;12,74;2,51;1,11;9,43;0,67;180.475,50;2.789.968.636,00
LPSB3;1,58;4,61;11,27;1,0;8,9;5,01;14,2;80,88;21,77;10,21;1,56;1,58;0,14;95.312,27;233.136.316,98
LREN3;19,32;3,78;16,01;1,99;12,45;6,93;11,89;60,83;9,85;8,65;1,67;9,69;1,21;193.234.422,95;20.470.500.049,44
LTEL3B;86,61;0,64;22,19;4,97;22,38;22,32;22,26;;;;5,13;17,44;3,9;;18.664.056.853,83
LUPA3;1,20;;-1,47;0,43;-29,49;-7,09;2,37;19,9;15,07;-33,56;1,13;2,77;-0,82;52.185,86;52.459.430,40
LUXM3;0,00;;0,0;0,0;23,24;16,47;5,48;29,34;14,77;26,99;1,41;3,78;0,88;;106.414.560,00
LUXM4;4,59;;5,23;1,21;23,24;16,47;5,48;29,34;14,77;26,99;1,41;3,78;0,88;6.151,88;106.414.560,00
LVTC3;3,71;5,12;7,34;0,36;4,84;2,13;8,06;27,19;8,17;3,81;1,76;10,45;0,51;501.572,09;235.442.027,73
LWSA3;3,65;1,96;63,5;0,75;1,19;0,81;3,51;47,56;8,74;2,33;1,17;4,83;0,06;26.340.573,68;2.065.897.101,90
MAPT3;3,05;;-15,83;-0,44;-2,77;-22,9;2,75;;;;0,0;-6,96;-0,19;305,00;3.420.334,95
MAPT4;4,38;;-22,74;-0,63;-2,77;-22,9;2,75;;;;0,0;-6,96;-0,19;11.199,47;3.420.334,95
MATD3;4,63;1,62;-4,36;1,08;-24,8;-8,24;-19,22;29,0;-17,67;-16,83;2,95;4,29;-1,06;941.596,05;1.571.551.755,75
MDIA3;24,40;2,26;14,76;1,04;7,04;4,38;5,46;33,15;7,23;5,76;2,15;23,47;1,65;11.934.864,95;8.271.600.000,00
MDNE3;24,33;5,1;7,39;1,28;17,33;6,63;11,2;33,77;16,55;16,43;2,62;18,98;3,29;16.845.645,23;2.065.845.093,75
MEAL3;1,23;;-4,05;0,36;-8,81;-3,28;2,44;33,38;1,83;-3,92;0,66;3,45;-0,3;261.162,73;352.612.144,20
MELK3;3,41;12,9;12,92;0,65;5,03;2,19;2,05;21,83;6,1;5,4;2,78;5,25;0,26;1.210.704,36;703.378.452,81
MERC3;14,80;;30,92;2,34;7,57;3,77;;72,02;41,75;28,72;;6,32;0,48;0,00;520.465.075,50
MERC4;9,70;;20,27;1,53;7,57;3,77;;72,02;41,75;28,72;;6,32;0,48;0,00;520.465.075,50
MGEL3;74,10;;-17,11;45,99;-268,83;-3,22;5,97;12,07;5,68;-2,59;1,56;1,61;-4,33;0,00;167.860.783,85
MGEL4;3,95;;-0,91;2,45;-268,83;-3,22;5,97;12,07;5,68;-2,59;1,56;1,61;-4,33;11.265,82;167.860.783,85
MGLU3;9,24;3,3;15,75;0,6;3,82;1,22;7,92;30,75;4,29;1,14;1,2;15,37;0,59;255.416.541,18;6.828.316.091,52
MILS3;11,49;4,38;9,44;1,81;19,17;7,32;12,79;62,94;32,97;17,44;2,17;6,35;1,22;7.341.706,91;2.690.707.598,43
MLAS3;1,08;;-4,72;0,3;-6,35;-3,55;-1,6;23,46;0,41;-5,48;2,11;3,6;-0,23;1.407.010,00;886.182.363,00
MMXM3;14,00;;-2,17;-0,11;-4,97;-32,75;0,28;;;;0,01;-129,88;-6,46;;90.834.562,00
MNDL3;19,00;;72,5;1,18;1,62;0,18;18,95;37,67;12,68;0,26;0,81;16,14;0,26;36.375,63;188.499.760,00
MNPR3;25,90;;12,67;-0,61;-4,83;3,81;-14,64;27,57;14,21;4,0;0,37;-42,32;2,04;33.691,90;183.892.590,00
MOAR3;140,00;35,86;-21,14;1,73;-8,19;-3,83;-22,8;;;;6,12;80,88;-6,62;67.680,58;1.715.170.940,00
MODL11;8,46;;-27,27;1,66;-6,1;-0,97;;50,83;-5,11;-5,48;;5,09;-0,31;;1.985.844.000,00
MODL3;3,08;;-29,78;1,82;-6,1;-0,97;;50,83;-5,11;-5,48;;1,7;-0,1;;1.985.844.000,00
MODL4;2,72;;-26,3;1,6;-6,1;-0,97;;50,83;-5,11;-5,48;;1,7;-0,1;;1.985.844.000,00
MOSI3;8,24;;2,17;0,14;6,38;0,74;;0,0;0,0;3,42;;59,43;3,79;;1.043.149.227,20
MOTV3;13,91;2,23;19,34;1,98;10,23;2,32;9,27;35,79;27,17;6,7;1,81;7,03;0,72;68.510.453,59;28.098.200.000,00
MOVI3;6,81;2,61;9,06;0,91;10,02;0,89;11,9;30,15;19,78;1,86;0,87;7,49;0,75;48.419.528,91;2.369.413.283,46
MRFG3;22,25;12,69;6,77;6,78;100,15;2,08;4,4;13,08;4,04;1,8;1,22;3,28;3,29;132.046.155,36;19.088.900.647,75
MRSA3B;28,80;3,31;7,04;1,26;17,84;6,75;11,77;42,81;35,08;19,59;1,67;22,93;4,09;3.417,14;9.160.824.238,80
MRSA5B;25,00;4,19;6,11;1,09;17,84;6,75;11,77;42,81;35,08;19,59;1,67;22,93;4,09;1.250,00;9.160.824.238,80
MRSA6B;25,50;4,11;6,23;1,11;17,84;6,75;11,77;42,81;35,08;19,59;1,67;22,93;4,09;0,00;9.160.824.238,80
MRVE3;6,30;;-5,12;0,59;-11,55;-2,41;0,97;27,02;3,64;-7,38;1,47;10,65;-1,23;63.596.071,95;3.545.808.027,30
MSPA3;47,00;;;0,36;0,0;0,0;1,69;36,17;17,51;-0,02;0,76;130,46;-0,01;0,00;292.756.110,20
MSPA4;36,30;;;0,28;0,0;0,0;1,69;36,17;17,51;-0,02;0,76;130,46;-0,01;0,00;292.756.110,20
MSRO3;702,50;;;272,5;-5,18;-1,25;7,47;31,13;15,29;-2,38;0,65;2,58;-0,13;;18.271.898.550,00
MTIG3;0,00;;0,0;0,0;-725,28;-74,53;-104,33;-16,12;-64,07;-113,09;0,27;-0,06;-0,46;;3.700.608,00
MTIG4;23,00;;-49,52;-359,15;-725,28;-74,53;-104,33;-16,12;-64,07;-113,09;0,27;-0,06;-0,46;;3.700.608,00
MTRE3;4,12;11,44;7,34;0,44;5,95;2,67;4,24;24,83;8,32;5,06;2,45;9,43;0,56;2.008.683,50;435.792.258,40
MTSA3;76,00;3,29;18,18;1,44;7,91;6,63;4,72;23,76;7,29;7,06;5,36;52,86;4,18;7.533,33;520.954.044,00
MTSA4;43,87;6,27;10,49;0,83;7,91;6,63;4,72;23,76;7,29;7,06;5,36;52,86;4,18;166.408,59;520.954.044,00
MULT3;27,23;4,1;10,68;2,43;22,76;10,36;13,86;82,84;67,34;51,35;1,41;11,2;2,55;80.476.658,77;13.973.447.578,23
MWET3;13,00;;1,03;1,35;131,35;8,52;52,87;5,77;21,95;9,68;0,79;9,64;12,66;1.271,33;26.191.518,18
MWET4;12,59;;0,99;1,31;131,35;8,52;52,87;5,77;21,95;9,68;0,79;9,64;12,66;5.466,55;26.191.518,18
MYPK3;13,40;4,36;9,14;0,48;5,23;1,47;7,68;12,0;6,62;1,44;1,61;28,02;1,47;9.628.479,73;2.059.842.653,40
NAFG3;64,37;;11,8;2,76;23,42;9,77;15,89;41,15;16,49;9,34;2,52;23,3;5,46;;508.315.292,42
NAFG4;19,02;;3,49;0,82;23,42;9,77;15,89;41,15;16,49;9,34;2,52;23,3;5,46;;508.315.292,42
NEMO3;0,00;;0,0;0,0;-2,55;-0,19;10,52;40,54;31,09;-0,59;2,62;16,57;-0,42;;0,00
NEMO4;0,00;;0,0;0,0;-2,55;-0,19;10,52;40,54;31,09;-0,59;2,62;16,57;-0,42;;0,00
NEMO5;52,97;;-125,37;3,2;-2,55;-0,19;10,52;40,54;31,09;-0,59;2,62;16,57;-0,42;;0,00
NEMO6;0,00;;0,0;0,0;-2,55;-0,19;10,52;40,54;31,09;-0,59;2,62;16,57;-0,42;;0,00
NEOE3;25,96;3,19;8,98;0,93;10,38;3,2;10,37;26,86;19,89;7,07;1,13;27,85;2,89;21.204.776,27;31.510.176.558,08
NEXP3;3,78;;0,1;-0,2;-197,32;276,02;-236,08;43,77;132,33;112,43;0,53;-19,02;37,54;2.168,37;10.038.050,82
NGRD3;25,50;;-7,48;0,52;-6,96;-5,22;-9,88;58,7;-14,88;-11,31;2,54;49,01;-3,41;161.731,95;233.094.072,00
NORD3;6,11;;-4,7;-0,25;-5,23;-44,52;0,3;91,57;-15,06;-344,09;0,01;-24,87;-1,3;6.735,00;40.457.279,46
NRTQ3;0,00;;0,0;0,0;4,01;2,42;3,53;23,71;5,83;4,4;4,43;20,07;0,81;;0,00
NTCO3;10,82;;-1,83;0,99;-53,96;-23,17;0,61;65,54;4,1;-33,03;1,53;10,98;-5,93;66.820.521,19;14.872.713.848,74
NUTR3;3,54;;8,34;1,1;13,17;5,07;19,52;17,76;7,05;2,88;1,81;3,22;0,42;11.627,05;46.885.176,00
ODER3;0,00;;0,0;0,0;7,5;3,63;4,62;28,7;8,15;5,61;3,33;48,79;3,66;;
ODER4;97,78;0,36;26,72;2,0;7,5;3,63;4,62;28,7;8,15;5,61;3,33;48,79;3,66;0,00;
ODPV3;11,85;7,7;11,5;4,74;41,21;25,15;36,22;36,46;31,61;24,29;0,85;2,5;1,03;17.691.831,77;6.468.029.639,10
OFSA3;23,36;3,11;10,2;1,98;19,44;9,75;82,39;50,58;81,96;11,92;2,56;11,78;2,29;121.080,18;1.260.248.780,16
OGXP3;1,63;;-2,15;-0,98;-45,53;-43,02;10,57;;;;0,51;-1,67;-0,76;;52.747.073,84
OIBR3;0,62;;0,01;-0,01;-95,87;71,54;34,74;-103,32;-68,99;847,38;0,7;-44,41;42,57;2.190.469,59;217.151.699,08
OIBR4;8,53;;0,2;-0,19;-95,87;71,54;34,74;-103,32;-68,99;847,38;0,7;-44,41;42,57;267.189,23;217.151.699,08
OMGE3;27,57;;8,07;;;;;32,09;37,96;18,16;1,88;0,03;3,42;;5.521.562.588,85
ONCO3;4,97;;-4,04;1,08;-26,78;-7,41;-4,32;31,79;-3,68;-12,81;1,81;4,6;-1,23;8.320.778,77;3.239.228.875,61
OPCT3;7,00;;-60,65;1,48;-2,44;-0,79;8,32;25,47;14,4;-1,37;1,67;4,73;-0,12;1.828.300,36;1.399.716.878,00
ORVR3;53,60;;177,47;6,68;3,76;0,86;8,14;44,69;28,02;3,1;1,93;8,03;0,3;20.404.328,50;5.152.400.285,60
OSXB3;2,65;;-0,01;0,0;-18,41;-114,07;75,68;99,31;;;0,01;;-504,56;4.670,05;8.342.300,70
PARD3;20,25;;36,76;5,3;14,42;5,7;14,8;26,45;13,31;6,98;0,9;3,82;0,55;;5.403.493.010,25
PATI3;37,50;15,48;10,33;1,14;11,05;5,39;7,8;12,3;6,16;3,99;2,2;32,85;3,63;7.951,31;894.695.565,30
PATI4;34,80;19,95;9,58;1,06;11,05;5,39;7,8;12,3;6,16;3,99;2,2;32,85;3,63;7.529,00;894.695.565,30
PCAR3;3,21;;-0,82;0,57;-69,32;-9,89;-6,37;27,63;-1,47;-10,1;0,98;5,64;-3,91;19.912.268,73;1.574.158.435,56
PCAR4;72,11;;-18,46;12,79;-69,32;-9,89;-6,37;27,63;-1,47;-10,1;0,98;5,64;-3,91;;1.574.158.435,56
PDGR3;0,25;;-0,02;0,0;-13,8;-87,6;6,07;9,1;-82,43;-337,39;0,32;-113,29;-15,63;651.097,68;7.422.757,50
PDTC3;1,03;;5,66;0,66;11,74;2,1;3,13;70,64;101,94;101,73;2,4;1,55;0,18;39.982,32;81.853.714,78
PEAB3;40,90;1,99;21,56;0,86;3,99;2,77;2,66;58,45;30,99;36,86;5,51;47,53;1,9;255.679,50;818.046.198,65
PEAB4;45,65;1,93;24,06;0,96;3,99;2,77;2,66;58,45;30,99;36,86;5,51;47,53;1,9;20.668,50;818.046.198,65
PETR3;35,18;15,94;9,42;1,15;12,16;4,19;14,43;49,67;27,45;9,7;0,72;30,71;3,73;319.587.349,95;436.977.184.367,40
PETR4;32,16;17,47;8,61;1,05;12,16;4,19;14,43;49,67;27,45;9,7;0,72;30,71;3,73;1.033.996.734,00;436.977.184.367,40
PETZ3;3,87;7,45;-43,98;1,08;-2,45;-1,05;0,9;46,91;1,66;-1,2;1,68;3,58;-0,09;22.569.690,86;1.790.803.509,75
PFRM3;8,47;6,89;8,42;0,8;9,47;2,15;11,78;14,98;2,87;1,17;1,28;10,62;1,01;1.416.939,27;1.048.694.187,31
PGMN3;3,39;7,46;19,52;0,78;3,97;1,25;13,1;31,71;4,79;0,82;1,41;4,37;0,17;2.354.014,00;2.110.860.575,04
PINE3;5,90;8,37;12,3;1,19;9,69;0,4;;19,73;0,85;3,44;0,16;4,95;0,48;20.794,73;1.337.763.451,20
PINE4;5,90;8,37;12,3;1,19;9,69;0,4;;19,73;0,85;3,44;0,16;4,95;0,48;1.275.280,23;1.337.763.451,20
PLAS3;5,30;;-0,48;-0,11;-23,89;-21,69;10,97;13,08;-0,38;-12,02;0,39;-46,45;-11,1;1.793,75;65.854.715,40
PLPL3;15,20;6,62;8,39;3,87;46,07;14,76;29,06;32,98;18,04;13,69;3,12;3,93;1,81;14.844.490,82;3.099.295.200,00
PMAM3;1,72;;-0,07;-0,02;-30,37;-122,93;35,79;-31,37;-80,91;-376,62;0,06;-79,81;-24,24;900.027,82;138.166.605,84
PNVL3;9,50;3,82;14,66;1,15;7,82;3,07;7,41;31,73;3,99;1,96;1,9;8,28;0,65;4.182.911,00;1.428.586.069,50
PNVL4;18,62;;28,74;2,25;7,82;3,07;7,41;31,73;3,99;1,96;1,9;8,28;0,65;;1.428.586.069,50
POMO3;6,52;8,82;6,54;1,87;28,59;12,61;15,01;24,73;16,33;13,14;1,7;3,49;1,0;1.124.255,73;8.621.445.249,71
POMO4;8,19;7,02;8,22;2,35;28,59;12,61;15,01;24,73;16,33;13,14;1,7;3,49;1,0;58.914.364,95;8.621.445.249,71
PORT3;17,50;7,76;13,5;2,81;20,81;8,78;13,37;47,83;33,12;18,73;1,12;6,23;1,3;18.872.745,18;7.717.113.250,00
POSI3;4,71;5,81;228,41;0,42;0,18;0,07;7,77;25,14;7,07;0,09;2,03;11,34;0,02;3.953.944,59;667.878.000,00
POWE3;10,90;;23,92;0,99;4,13;1,58;3,81;6,82;3,52;2,59;1,13;11,02;0,46;;977.237.930,40
PPAR3;14,60;16,25;1,32;0,04;3,07;2,22;1,9;;;;77,22;359,85;11,03;;2.160.800,00
PPAR4;0,00;;0,0;0,0;3,07;2,22;1,9;;;;77,22;359,85;11,03;;2.160.800,00
PPLA11;1,06;;0,5;331,51;;;;;;;1,0;0,0;2,13;271,23;2.983.545,96
PRIO3;42,61;;3,37;1,44;42,58;20,68;0,78;43,99;40,3;72,61;3,19;29,68;12,64;357.538.052,95;38.193.310.431,53
PRNR3;15,46;0,33;69,57;2,1;3,02;0,73;8,28;22,09;7,78;0,83;1,96;7,36;0,22;3.590.140,55;722.302.903,22
PSSA3;56,72;4,15;12,98;2,65;20,39;5,71;13,61;100,0;8,76;7,79;1,13;21,43;4,37;88.424.411,95;36.674.361.323,20
PTBL3;4,59;;-5,67;2,05;-36,12;-3,16;5,69;36,12;4,76;-4,61;0,87;2,24;-0,81;1.556.529,23;647.129.806,74
PTCA11;0,00;;0,0;0,0;29,27;10,95;15,77;48,98;12,2;9,03;1,94;31,49;9,22;;0,00
PTCA3;0,00;;0,0;0,0;29,27;10,95;15,77;48,98;12,2;9,03;1,94;31,49;9,22;;0,00
PTNT3;8,91;3,04;11,1;0,97;8,77;3,63;5,75;14,84;6,42;4,69;2,56;9,15;0,8;3.746,80;304.780.386,68
PTNT4;5,06;5,35;6,31;0,55;8,77;3,63;5,75;14,84;6,42;4,69;2,56;9,15;0,8;76.013,95;304.780.386,68
QUAL3;1,87;0,3;140,99;0,41;0,29;0,09;4,72;84,39;11,21;0,24;1,08;4,57;0,01;3.155.537,82;531.106.787,75
QUSW3;0,00;;0,0;0,0;22,61;8,75;16,35;94,75;47,06;36,45;1,14;126,07;28,5;;0,00
QVQP3B;0,00;;0,0;0,0;-109,4;-109,4;-119,66;;;;;0,0;0,0;;0,00
RADL3;15,35;2,65;22,42;4,07;18,13;5,2;22,21;29,58;5,79;2,95;1,34;3,78;0,68;154.518.932,05;26.371.410.520,00
RAIL3;18,69;4,34;-24,28;2,37;-9,78;-2,78;3,66;46,27;15,38;-10,38;1,9;7,87;-0,77;182.516.392,82;34.667.500.656,81
RAIZ4;1,71;0,59;-4,16;0,97;-23,42;-3,02;3,79;4,64;1,69;-1,67;1,33;1,76;-0,41;21.445.384,36;17.702.791.217,64
RANI3;7,58;8,74;5,64;1,29;22,84;8,76;7,67;38,59;20,41;19,35;3,51;5,89;1,35;4.280.464,14;1.817.910.786,02
RANI4;5,50;;4,09;0,93;22,84;8,76;7,67;38,59;20,41;19,35;3,51;5,89;1,35;;1.817.910.786,02
RAPT3;8,27;4,96;8,54;0,88;10,27;1,76;7,54;26,63;9,86;2,54;2,06;9,43;0,97;217.680,50;2.836.355.461,09
RAPT4;8,80;4,66;9,08;0,93;10,27;1,76;7,54;26,63;9,86;2,54;2,06;9,43;0,97;25.901.414,73;2.836.355.461,09
RCSL3;2,28;;-3,82;-3,74;-98,08;-40,75;79,52;5,25;-141,33;-174,33;0,68;-0,61;-0,6;545.164,55;44.202.550,20
RCSL4;0,94;;-1,57;-1,54;-98,08;-40,75;79,52;5,25;-141,33;-174,33;0,68;-0,61;-0,6;2.118.089,09;44.202.550,20
RDNI3;2,37;;-0,75;0,47;-62,76;-10,38;-11,14;15,6;-15,36;-28,54;1,79;5,04;-3,16;10.960,14;103.734.444,96
RDOR3;34,75;2,13;19,48;3,18;16,33;3,91;10,55;19,38;15,5;7,95;2,87;10,92;1,78;176.094.044,95;79.552.917.502,50
REAG3;3,80;;40,27;1,82;4,53;4,25;-9,87;83,42;-44,59;21,86;16,47;2,08;0,09;43.225,86;535.768.862,80
RECV3;14,69;14,93;7,77;0,97;12,43;7,44;15,78;36,76;29,83;16,42;2,47;15,21;1,89;35.545.257,50;4.311.105.530,94
REDE3;6,70;2,66;10,65;3,4;31,93;4,41;13,71;25,13;17,87;7,35;1,38;1,97;0,63;6.808,55;14.139.166.605,80
RENT3;39,15;4,51;22,04;1,6;7,28;2,38;8,59;23,5;15,54;4,97;1,43;24,42;1,78;354.324.461,82;42.384.601.188,00
RLOG3;23,08;;82,76;4,26;5,15;0,28;5,46;34,71;29,67;1,85;2,64;5,41;0,28;;10.691.215.482,28
RNEW11;2,94;;-3,24;0,48;-14,86;-3,57;1,99;-2,79;13,16;-37,47;0,72;6,11;-0,91;20.369,50;364.740.231,80
RNEW3;0,96;;-3,17;0,47;-14,86;-3,57;1,99;-2,79;13,16;-37,47;0,72;2,04;-0,3;78.988,68;364.740.231,80
RNEW4;0,95;;-3,14;0,47;-14,86;-3,57;1,99;-2,79;13,16;-37,47;0,72;2,04;-0,3;131.508,14;364.740.231,80
ROMI3;8,91;9,2;7,83;0,68;8,7;4,27;4,76;28,12;7,85;8,25;2,12;13,07;1,14;956.018,32;830.151.355,77
RPAD3;4,16;1,93;-4,35;0,34;-7,82;-7,75;-10,01;;;;16,74;12,22;-0,96;827,50;467.903.443,67
RPAD5;7,15;7,53;-7,48;0,59;-7,82;-7,75;-10,01;;;;16,74;12,22;-0,96;2.186,25;467.903.443,67
RPAD6;4,04;;-4,23;0,33;-7,82;-7,75;-10,01;;;;16,74;12,22;-0,96;2.017,40;467.903.443,67
RPMG3;2,96;;-0,15;-0,03;-19,39;-14,77;23,01;-13,74;-20,96;-17,66;0,78;-102,21;-19,82;14.468,14;200.367.221,84
RSID3;2,06;;0,15;-0,04;-28,42;54,91;100,59;28,74;-311,91;327,6;0,45;-48,6;13,81;36.367,55;41.200.000,00
RSUL3;0,00;;0,0;0,0;23,36;14,07;21,54;41,05;21,75;15,11;2,65;41,32;9,66;;173.967.087,00
RSUL4;69,72;;7,22;1,69;23,36;14,07;21,54;41,05;21,75;15,11;2,65;41,32;9,66;60.096,05;173.967.087,00
SANB11;29,25;5,5;8,14;0,91;11,14;1,08;;40,55;13,53;9,4;;32,24;3,59;75.856.481,36;109.666.016.620,88
SANB3;13,92;5,51;7,75;0,86;11,14;1,08;;40,55;13,53;9,4;;16,12;1,8;997.694,82;109.666.016.620,88
SANB4;15,37;5,48;8,56;0,95;11,14;1,08;;40,55;13,53;9,4;;16,12;1,8;988.238,18;109.666.016.620,88
SAPR11;37,64;5,87;7,6;1,12;14,71;7,59;10,96;58,29;34,9;22,12;1,71;33,68;4,95;51.067.945,45;11.376.355.147,03
SAPR3;7,93;5,16;8,0;1,18;14,71;7,59;10,96;58,29;34,9;22,12;1,71;6,74;0,99;1.703.594,00;11.376.355.147,03
SAPR4;7,41;6,07;7,48;1,1;14,71;7,59;10,96;58,29;34,9;22,12;1,71;6,74;0,99;9.674.540,00;11.376.355.147,03
SBFG3;12,65;4,33;5,46;1,06;19,46;6,7;10,87;49,3;8,35;7,85;1,49;11,91;2,32;14.722.583,36;3.086.764.197,00
SBSP3;117,90;3,16;7,87;2,1;26,66;11,95;18,72;53,87;43,91;26,93;1,09;56,18;14,98;248.197.680,64;80.585.813.555,10
SCAR3;17,14;10,18;-34,35;0,65;-1,88;-1,05;2,73;40,6;20,99;-6,27;3,95;26,57;-0,5;327.351,41;989.617.647,66
SEDU3;23,80;;-13,36;15,0;-112,29;-11,46;-13,15;48,36;-15,73;-25,77;1,09;1,59;-1,78;;6.238.667.820,00
SEER3;9,42;1,64;20,21;0,97;4,79;1,76;12,82;57,02;14,47;2,9;1,26;9,73;0,47;6.569.532,73;1.212.557.095,20
SEQL3;1,13;;-0,05;-0,06;-118,36;-88,81;;-3,27;-140,15;-142,29;0,24;-18,38;-21,75;1.066.607,91;56.852.080,88
SGPS3;1,64;;-0,02;-0,02;-133,99;-47,66;-117,71;-2,19;-81,65;-176,79;0,25;-72,45;-97,07;0,00;16.400.000,00
SHOW3;6,74;;-0,58;0,35;-60,68;-19,53;-20,19;16,82;-21,12;-50,66;1,37;19,07;-11,57;138.352,59;45.436.105,88
SHUL3;27,31;0,84;36,63;6,65;18,15;9,52;11,42;26,23;14,79;13,43;3,1;4,11;0,75;0,00;5.250.760.429,32
SHUL4;5,28;7,28;7,08;1,29;18,15;9,52;11,42;26,23;14,79;13,43;3,1;4,11;0,75;1.688.010,50;5.250.760.429,32
SIMH3;4,81;1,46;-17,79;1,49;-8,36;-0,28;10,21;25,58;16,3;-0,56;1,45;3,23;-0,27;27.553.896,32;4.199.324.963,73
SLCE3;18,14;3,01;9,71;1,64;16,86;4,74;14,93;31,67;21,76;9,58;1,44;11,08;1,87;32.973.578,91;8.042.001.048,24
SLED3;3,21;;0,45;-0,08;-18,07;107,04;-15,91;47,85;73,94;92,71;0,12;-39,57;7,15;;16.497.692,59
SLED4;1,60;;0,22;-0,04;-18,07;107,04;-15,91;47,85;73,94;92,71;0,12;-39,57;7,15;;16.497.692,59
SMFT3;23,50;2,45;30,27;2,54;8,39;2,54;11,3;41,79;22,78;7,73;1,53;9,25;0,78;85.984.544,91;14.035.376.245,50
SMLS3;22,40;;10,78;4,09;37,96;9,43;24,47;85,18;41,42;39,07;1,1;5,47;2,08;;2.781.160.547,20
SMTO3;17,85;5,05;10,66;0,89;8,31;2,56;8,31;24,93;21,19;7,77;2,43;20,15;1,67;29.655.189,05;5.933.971.729,35
SNSY3;11,40;;-2,12;-0,04;-2,05;-7,18;-15,64;24,78;29,5;-4,31;0,84;-262,5;-5,38;9.197,25;48.308.476,80
SNSY5;3,56;;-0,66;-0,01;-2,05;-7,18;-15,64;24,78;29,5;-4,31;0,84;-262,5;-5,38;21.641,60;48.308.476,80
SNSY6;11,51;;-2,14;-0,04;-2,05;-7,18;-15,64;24,78;29,5;-4,31;0,84;-262,5;-5,38;0,00;48.308.476,80
SOJA3;11,57;2,57;15,65;1,16;7,42;2,88;5,16;12,79;8,38;5,26;3,46;9,96;0,74;3.625.178,64;1.565.677.206,08
SOMA3;5,95;;2,96;0,8;27,15;16,44;-46,41;56,8;-46,46;29,33;2,36;7,4;2,01;99.716.529,00;4.669.246.869,35
SOND3;47,00;;4,85;1,61;33,27;20,3;27,61;30,11;15,95;11,54;2,07;29,13;9,69;0,00;100.863.915,00
SOND5;44,00;;4,54;1,51;33,27;20,3;27,61;30,11;15,95;11,54;2,07;29,13;9,69;4.133,33;100.863.915,00
SOND6;37,85;;3,9;1,3;33,27;20,3;27,61;30,11;15,95;11,54;2,07;29,13;9,69;9.052,00;100.863.915,00
SPRT3B;76,40;;;;-723,82;-547,71;721,68;;;;0,57;0,0;-0,03;;370.531.748,80
SQIA3;27,37;;-110,33;3,7;-3,35;-1,35;3,18;42,19;6,45;-3,26;1,43;7,4;-0,25;;2.406.971.773,64
SRNA3;11,66;;;1,33;0,11;0,03;6,1;30,32;25,59;0,13;1,16;8,74;0,01;67.624.051,27;7.261.038.282,96
STBP3;13,76;5,46;15,0;19,57;130,43;14,96;32,2;56,09;43,8;25,23;1,01;0,7;0,92;39.404.112,05;11.890.984.277,44
STKF3;0,00;;0,0;0,0;4,97;3,15;5,31;54,65;36,95;23,68;3,14;8,19;0,41;;0,00
STTR3;0,00;;0,0;0,0;32,1;17,86;25,38;31,37;17,25;14,11;2,46;2,91;0,94;;0,00
SULA11;22,25;;52,23;1,13;2,17;0,6;-8,72;4,25;-3,34;0,83;2,29;19,64;0,43;313.020.093,00;9.475.042.424,17
SULA3;7,43;;52,32;1,13;2,17;0,6;-8,72;4,25;-3,34;0,83;2,29;6,55;0,14;;9.475.042.424,17
SULA4;7,63;;53,73;1,17;2,17;0,6;-8,72;4,25;-3,34;0,83;2,29;6,55;0,14;;9.475.042.424,17
SUZB3;51,98;3,88;-68,92;1,71;-2,48;-0,61;10,53;40,54;31,11;-1,93;2,61;30,38;-0,75;290.046.642,77;65.708.833.627,70
SYNE3;6,08;54,95;1,66;0,85;51,13;17,62;24,74;41,41;62,11;42,0;5,43;7,15;3,66;2.474.953,64;928.078.225,60
TAEE11;35,03;7,82;7,16;1,65;23,09;8,01;15,53;63,45;73,56;42,45;1,85;21,18;4,89;45.196.479,36;12.067.796.712,21
TAEE3;11,62;7,86;7,13;1,65;23,09;8,01;15,53;63,45;73,56;42,45;1,85;7,06;1,63;548.106,50;12.067.796.712,21
TAEE4;11,75;7,77;7,21;1,66;23,09;8,01;15,53;63,45;73,56;42,45;1,85;7,06;1,63;1.082.269,77;12.067.796.712,21
TASA3;7,35;2,76;13,42;0,81;6,01;3,01;6,87;34,96;9,47;4,85;1,7;9,1;0,55;52.874,00;987.674.102,83
TASA4;6,94;2,92;12,67;0,76;6,01;3,01;6,87;34,96;9,47;4,85;1,7;9,1;0,55;1.418.433,55;987.674.102,83
TCNO3;1,20;;-7,52;-8,4;-111,63;-0,45;-3,55;;;;0,28;-0,14;-0,16;;6.451.072,50
TCNO4;0,85;;-5,33;-5,95;-111,63;-0,45;-3,55;;;;0,28;-0,14;-0,16;;6.451.072,50
TCSA3;1,59;;-0,86;0,31;-35,79;-10,8;-10,72;-8,15;-21,52;-31,51;1,08;5,14;-1,84;308.622,86;117.054.575,70
TECN3;6,59;3,62;6,42;1,0;15,53;9,25;10,5;54,67;16,13;15,17;3,2;6,6;1,03;612.974,32;407.632.456,85
TEKA3;42,50;;-0,13;-0,01;-7,76;-13,93;0,93;24,58;-4,48;-52,8;0,05;;-339,62;0,00;14.260.237,50
TEKA4;21,25;;-0,06;0,0;-7,76;-13,93;0,93;24,58;-4,48;-52,8;0,05;;-339,62;0,00;14.260.237,50
TELB3;12,80;;-4,99;0,98;-19,59;-6,06;-12,12;-58,26;-39,9;-61,12;4,92;13,09;-2,56;14.608,53;1.114.662.219,37
TELB4;8,27;;-3,23;0,63;-19,59;-6,06;-12,12;-58,26;-39,9;-61,12;4,92;13,09;-2,56;36.905,68;1.114.662.219,37
TEND3;24,28;0,7;15,87;2,75;17,3;3,65;14,62;28,78;10,02;5,51;1,77;8,84;1,53;39.875.422,18;2.976.197.530,56
TESA3;48,00;;-13,3;1,62;-12,18;-3,94;3,93;15,86;9,39;-7,58;0,86;29,64;-3,61;;1.389.696.672,00
TFCO4;15,08;1,22;112,69;29,37;26,06;15,21;23,3;57,23;20,42;14,3;2,72;0,51;0,13;4.603.707,23;2.310.527.462,62
TGMA3;36,72;7,03;8,77;2,51;28,62;20,47;23,01;21,57;17,64;12,9;3,2;14,62;4,19;9.029.307,32;2.423.627.038,80
TIET11;12,54;;-17,06;0,95;-5,57;-1,4;4,63;0,0;21,64;-7,77;0,84;13,19;-0,73;;5.004.795.800,93
TIET3;3,49;;-23,75;1,32;-5,57;-1,4;4,63;0,0;21,64;-7,77;0,84;2,64;-0,15;;5.004.795.800,93
TIET4;3,51;;-23,88;1,33;-5,57;-1,4;4,63;0,0;21,64;-7,77;0,84;2,64;-0,15;;5.004.795.800,93
TIMS3;22,62;7,29;36,51;3,92;10,73;2,64;23,99;53,3;22,08;5,83;0,92;5,77;0,62;127.734.796,59;54.758.595.482,76
TKNO3;99,98;4,07;6,14;0,91;14,79;11,71;12,14;26,46;17,21;16,12;3,45;110,12;16,28;0,00;270.256.495,98
TKNO4;82,00;8,59;5,04;0,74;14,79;11,71;12,14;26,46;17,21;16,12;3,45;110,12;16,28;14.502,50;270.256.495,98
TOKY3;0,88;;-0,84;332,59;;;;46,2;-14,52;-19,19;1,12;0,0;-1,04;195.494,82;108.031.794,64
TOTS3;43,30;1,71;33,04;5,41;16,37;9,04;12,91;69,74;17,31;14,44;2,52;8,01;1,31;97.458.016,32;25.954.088.457,30
TOYB3;2,29;;-43,94;0,03;-0,07;0,0;;24,06;-10,7;-10,96;;76,91;-0,05;;71.890.222,22
TOYB4;2,50;;-47,96;0,03;-0,07;0,0;;24,06;-10,7;-10,96;;76,91;-0,05;;71.890.222,22
TPIS3;4,07;5,66;8,87;0,2;2,21;0,74;-2,48;35,31;1,93;1,55;0,13;20,74;0,46;28.606,45;179.080.000,00
TRAD3;6,59;;-3,07;1,41;-45,9;-41,97;-46,81;29,79;-208,33;-206,52;4,05;4,67;-2,14;208.858,82;263.738.515,21
TRIS3;6,98;4,31;7,14;0,87;12,16;5,85;6,94;29,53;15,35;13,86;3,57;8,04;0,98;3.044.308,86;1.302.590.415,24
TTEN3;15,32;1,24;9,64;1,84;19,11;8,07;14,38;18,63;8,77;5,82;1,45;8,31;1,59;28.354.079,18;7.652.303.952,04
TUPY3;18,07;7,7;-60,91;0,79;-1,29;-0,4;4,08;17,47;4,55;-0,41;2,33;22,99;-0,3;6.428.378,00;2.605.287.425,00
TXRX3;9,98;;-0,97;-0,12;-12,15;-25,96;-7,82;19,79;2,57;-37,23;0,27;-84,66;-10,29;899,33;19.301.450,54
TXRX4;1,70;;-0,17;-0,02;-12,15;-25,96;-7,82;19,79;2,57;-37,23;0,27;-84,66;-10,29;991,60;19.301.450,54
UCAS3;1,45;12,52;22,7;0,51;2,26;1,08;-3,39;35,73;-2,08;1,9;1,3;2,82;0,06;35.682,32;95.825.227,80
UGPA3;18,08;3,87;8,91;1,33;14,9;6,0;10,55;7,16;3,51;1,66;1,76;13,62;2,03;71.411.373,68;20.168.369.850,56
UNIP3;54,15;8,46;9,41;2,31;24,57;8,94;10,37;27,93;13,55;11,55;2,24;23,41;5,75;146.209,77;6.547.072.908,05
UNIP5;60,95;4,49;10,6;2,6;24,57;8,94;10,37;27,93;13,55;11,55;2,24;23,41;5,75;13.887,80;6.547.072.908,05
UNIP6;59,80;8,42;10,4;2,55;24,57;8,94;10,37;27,93;13,55;11,55;2,24;23,41;5,75;6.599.553,82;6.547.072.908,05
USIM3;4,45;;39,68;0,23;0,58;0,34;2,08;7,67;3,04;0,53;4,26;19,29;0,11;2.073.096,64;5.587.158.399,08
USIM5;4,47;;39,86;0,23;0,58;0,34;2,08;7,67;3,04;0,53;4,26;19,29;0,11;60.122.636,77;5.587.158.399,08
USIM6;8,00;;71,34;0,41;0,58;0,34;2,08;7,67;3,04;0,53;4,26;19,29;0,11;800,00;5.587.158.399,08
VALE3;55,12;8,63;7,95;1,24;15,57;6,57;15,96;35,45;25,35;14,88;1,11;44,52;6,93;972.559.852,41;250.190.097.809,60
VAMO3;3,98;6,74;14,07;1,73;12,29;1,36;12,55;68,12;59,59;7,1;1,86;2,3;0,28;66.783.667,18;4.302.509.497,26
VBBR3;22,50;5,85;4,07;1,22;30,13;9,95;14,25;4,77;4,93;3,49;1,94;18,37;5,53;183.316.248,05;25.177.500.000,00
VITT3;4,95;3,81;10,22;1,18;11,59;7,39;7,73;32,86;10,85;9,07;2,67;4,18;0,48;1.053.465,86;744.054.389,10
VIVA3;27,23;2,42;8,78;2,46;28,05;17,33;21,78;70,11;27,44;27,44;3,54;11,06;3,1;63.408.270,64;6.431.665.249,87
VIVR3;0,88;;-0,76;0,23;-30,01;-15,91;-23,84;29,89;-34,81;-39,35;1,71;3,85;-1,16;16.836,05;33.762.152,16
VIVT3;32,50;3,37;18,56;1,56;8,39;4,51;8,47;43,78;15,43;10,07;0,96;20,87;1,75;165.559.116,05;105.991.840.240,00
VIVT4;45,34;;25,89;2,17;8,39;4,51;8,47;43,78;15,43;10,07;0,96;20,87;1,75;;105.991.840.240,00
VLID3;25,09;10,78;6,7;1,17;17,51;10,39;14,46;35,02;17,65;14,01;2,83;21,39;3,74;5.629.032,05;2.053.274.648,75
VSPT3;5,00;;-1,28;0,44;-34,74;-11,66;-20,67;21,1;-8,21;-14,35;1,85;11,27;-3,91;0,00;714.038.920,00
VSPT4;0,00;;0,0;0,0;-34,74;-11,66;-20,67;21,1;-8,21;-14,35;1,85;11,27;-3,91;;714.038.920,00
VSTE3;6,07;;-74,04;0,67;-0,91;-0,57;3,28;63,27;3,98;-0,83;1,41;9,0;-0,08;181.387,64;694.006.427,01
VTRU3;9,17;0,26;;;;;;;;;;;0,0;3.353.504,36;347.415.142,69
VULC3;21,79;6,88;10,23;2,72;26,62;20,02;22,85;41,88;18,82;18,63;3,74;8,01;2,13;9.494.664,41;6.003.934.756,76
VVEO3;1,18;;-0,26;0,2;-79,07;-15,77;-17,04;11,32;-7,54;-12,95;1,85;5,79;-4,58;873.317,23;380.928.317,44
WEGE3;43,00;1,89;28,83;8,48;29,42;15,92;25,11;33,62;20,06;15,64;1,71;5,07;1,49;261.242.571,14;180.484.673.914,00
WEST3;3,67;;-1,02;0,18;-17,29;-12,68;-23,2;39,1;-29,99;-21,92;2,94;20,89;-3,61;17.147,64;40.771.307,16
WHRL3;4,43;16,21;7,44;2,43;32,67;8,9;20,6;18,11;7,43;6,8;1,07;1,82;0,6;29.397,55;6.737.936.475,96
WHRL4;4,60;17,17;7,72;2,52;32,67;8,9;20,6;18,11;7,43;6,8;1,07;1,82;0,6;102.842,95;6.737.936.475,96
WIZC3;7,78;3,22;7,35;2,1;28,54;6,62;24,92;62,29;44,13;12,96;1,04;3,71;1,06;2.751.045,00;1.244.078.653,96
WLMM3;24,00;2,5;7,01;1,1;15,69;8,74;12,27;12,41;6,73;4,08;2,36;21,82;3,42;9.996,67;883.873.805,00
WLMM4;24,50;2,69;7,15;1,12;15,69;8,74;12,27;12,41;6,73;4,08;2,36;21,82;3,42;38.005,57;883.873.805,00
YDUQ3;16,26;3,51;13,95;1,44;10,29;3,25;10,24;60,89;17,03;5,94;1,36;11,32;1,17;49.139.047,68;4.456.684.717,26
ZAMP3;3,40;;-9,6;0,91;-9,48;-3,31;-1,5;64,73;-0,03;-3,07;1,14;3,73;-0,35;1.920.536,14;1.383.576.943,00
