TICKER;PRECO;DY;P/L;P/VP;P/ATIVOS;MARGEM BRUTA;MARGEM EBIT;MARG. LIQUIDA;P/EBIT;EV/EBIT;DIVIDA LIQUIDA / EBIT;DIV. LIQ. / PATRI.;PSR;P/CAP. GIRO;P. AT CIR. LIQ.;LIQ. CORRENTE;ROE;ROA;ROIC;PATRIMONIO / ATIVOS;PASSIVOS / ATIVOS;GIRO ATIVOS;CAGR RECEITAS 5 ANOS;CAGR LUCROS 5 ANOS; LIQUIDEZ MEDIA DIARIA; VPA; LPA; PEG Ratio; VALOR DE MERCADO
AAIC;4,80;;16,04;0,62;0,17;100,00;163,58;32,01;3,14;16,37;13,24;2,61;5,13;;-0,17;;3,85;1,04;5,06;0,27;0,73;0,03;-25,44;-20,59;;7,77;0,30;0,02;135.948.960,00
AAT;20,06;5,01;15,38;1,03;0,41;63,15;39,35;17,57;6,86;15,51;8,65;1,29;2,70;;-0,41;;6,68;2,70;6,20;0,40;0,60;0,15;4,54;4,44;;19,60;1,31;0,31;1.231.252.858,00
ABR;10,75;8,00;10,55;0,69;0,15;96,47;391,39;75,16;2,03;11,35;9,33;3,16;7,93;;-0,15;;6,51;1,47;7,82;0,22;0,78;0,02;3,32;15,52;;15,65;1,02;-0,39;2.065.722.150,00
ACC;65,42;;154,52;2,95;1,22;51,87;18,95;6,00;48,96;67,23;18,27;1,10;9,28;;-1,22;;1,91;0,79;2,80;0,41;0,58;0,13;3,69;-18,56;;22,18;0,42;0,23;9.124.977.860,00
ACRE;4,82;13,40;-20,02;0,49;0,18;100,00;409,47;-66,30;3,24;13,05;9,81;1,49;13,27;;-0,18;;-2,46;-0,88;5,52;0,36;0,64;0,01;-6,49;;;9,86;-0,24;0,29;266.776.190,00
ADC;72,43;3,49;43,26;1,41;0,90;87,95;50,46;28,88;24,76;33,90;9,15;0,52;12,49;;-0,90;;3,26;2,09;3,69;0,64;0,36;0,07;26,91;18,76;;51,30;1,67;4,13;7.955.437.735,00
AFCG;4,58;22,76;4,94;0,51;0,32;;;;3,90;7,98;4,07;0,54;;;-0,32;;10,41;6,50;8,35;0,62;0,38;0,00;;;;8,89;0,93;0,05;103.263.720,00
AFIN;8,23;;-97,09;0,58;0,28;74,05;20,65;-3,17;14,92;39,26;24,35;0,94;3,08;;-0,28;;-0,59;-0,28;1,93;0,48;0,52;0,09;11,83;;;14,30;-0,08;1,53;1.016.458.495,00
AFINO;25,70;;-303,19;1,80;0,86;74,05;20,65;-3,17;46,58;39,26;24,35;0,94;9,62;;-0,86;;-0,59;-0,28;1,93;0,48;0,52;0,09;11,83;;;14,30;-0,08;4,79;1.016.458.495,00
AFINP;26,01;;-306,85;1,82;0,87;74,05;20,65;-3,17;47,15;39,26;24,35;0,94;9,74;;-0,87;;-0,59;-0,28;1,93;0,48;0,52;0,09;11,83;;;14,30;-0,08;4,85;1.016.458.495,00
AGNC;9,42;14,03;26,23;0,96;0,10;;;;2,81;7,38;4,56;1,55;;;-0,10;;3,64;0,38;12,49;0,10;0,90;0,00;;4,64;;9,84;0,36;-0,70;9.601.732.514,00
AGNCM;24,62;9,49;68,67;2,50;0,26;;;;7,36;7,38;4,56;1,55;;;-0,26;;3,64;0,38;12,49;0,10;0,90;0,00;;4,64;;9,84;0,36;-1,84;9.601.732.514,00
AGNCN;25,27;10,03;70,45;2,57;0,27;;;;7,55;7,38;4,56;1,55;;;-0,27;;3,64;0,38;12,49;0,10;0,90;0,00;;4,64;;9,84;0,36;-1,89;9.601.732.514,00
AGNCO;25,15;8,88;70,23;2,56;0,27;;;;7,52;7,38;4,56;1,55;;;-0,27;;3,64;0,38;12,49;0,10;0,90;0,00;;4,64;;9,84;0,36;-1,89;9.601.732.514,00
AGNCP;24,84;6,94;69,50;2,53;0,27;;;;7,45;7,38;4,56;1,55;;;-0,27;;3,64;0,38;12,49;0,10;0,90;0,00;;4,64;;9,84;0,36;-1,87;9.601.732.514,00
AHH;7,04;4,88;43,62;0,86;0,23;31,96;15,65;2,06;5,75;5,37;-0,38;-0,06;0,90;;-0,23;;1,98;0,53;11,81;0,27;0,73;0,26;22,46;8,18;;8,20;0,16;6,90;566.698.678,00
AHT;6,25;;-0,23;-0,08;0,01;30,80;13,19;-13,77;0,24;18,50;18,25;;0,03;-0,01;-0,02;0,21;-35,36;-5,12;5,92;-0,14;1,07;0,37;-4,84;;;-76,12;-26,92;0,00;36.630.000,00
AIC;24,33;;81,31;3,13;0,84;100,00;163,58;32,01;15,91;16,37;13,24;2,61;26,02;;-0,84;;3,85;1,04;5,06;0,27;0,73;0,03;-25,44;-20,59;;7,77;0,30;0,10;135.948.960,00
AIRC;39,08;;8,87;2,49;0,91;66,64;102,82;79,57;6,86;10,78;3,91;1,42;7,06;;-0,91;;28,06;10,32;14,64;0,37;0,62;0,13;-3,35;-0,66;;15,71;4,41;0,37;5.670.672.136,00
AIV;8,77;;-11,73;11,27;0,67;55,96;-16,51;-50,37;-35,78;-68,21;-32,43;10,22;5,91;;-0,67;;-96,12;-5,67;-3,29;0,06;0,86;0,11;-25,58;;;0,78;-0,75;0,32;1.245.610.683,00
AIW;25,00;;83,55;3,22;0,87;100,00;163,58;32,01;16,35;16,37;13,24;2,61;26,74;;-0,87;;3,85;1,04;5,06;0,27;0,73;0,03;-25,44;-20,59;;7,77;0,30;0,11;135.948.960,00
AJX;3,00;4,00;-1,16;0,55;0,16;;;;-1,99;-6,86;-4,87;1,35;;;-0,16;;-47,70;-13,68;-8,05;0,29;0,71;0,00;;;;5,42;-2,58;0,00;136.262.400,00
AJXA;25,06;;-9,70;4,63;1,33;;;;-16,64;-6,86;-4,87;1,35;;;-1,33;;-47,70;-13,68;-8,05;0,29;0,71;0,00;;;;5,42;-2,58;-0,03;136.262.400,00
AKR;18,55;3,13;121,60;1,06;0,51;69,90;25,68;5,36;25,39;41,78;16,39;0,68;6,52;;-0,51;;0,87;0,42;2,43;0,49;0,51;0,08;4,02;-16,41;;17,55;0,15;1,17;2.430.634.304,00
ALEX;18,10;3,73;21,16;1,31;0,80;45,08;38,68;27,05;14,80;19,71;4,91;0,43;5,72;;-0,80;;6,17;3,76;6,07;0,61;0,39;0,14;-11,47;;;13,82;0,85;0,54;1.311.715.460,00
ALX;232,23;5,79;30,04;7,30;0,89;52,91;44,12;18,03;12,27;18,56;6,29;3,74;5,42;;-0,89;;24,31;2,97;8,43;0,12;0,88;0,16;0,00;-6,28;;31,93;7,76;-0,30;1.190.818.068,00
AMH;35,70;2,29;33,17;1,85;1,00;56,38;36,33;22,62;20,66;26,86;6,20;0,56;7,50;;-1,00;;5,58;3,00;5,50;0,54;0,46;0,13;8,62;23,94;;19,33;1,08;3,00;13.240.648.239,00
AMT;220,30;1,47;55,80;29,21;1,66;74,55;46,05;18,18;22,03;29,42;7,39;9,79;10,15;-36,67;-1,76;0,55;52,35;2,98;10,63;0,06;0,94;0,16;5,96;3,85;;7,55;3,95;-4,66;103.266.605.538,00
ANH;2,98;;-2,68;0,72;0,12;;;;-5,03;24,95;29,98;-4,31;;;-0,12;;-27,04;-4,64;-9,45;0,17;0,82;0,00;;;;4,12;-1,11;-0,04;295.925.866,36
APLE;12,01;6,00;14,94;0,89;0,58;57,89;19,03;13,38;10,50;16,38;5,87;0,50;2,00;;-0,58;;5,95;3,86;5,58;0,65;0,35;0,29;2,48;4,48;;13,50;0,80;-4,02;2.857.278.683,00
APTS;25,00;;105,44;1,40;0,43;69,54;28,71;3,83;14,06;33,84;19,77;1,96;4,04;;-0,43;;1,32;0,41;3,21;0,31;0,69;0,11;20,97;;;17,91;0,24;-0,22;1.611.075.000,00
ARE;75,71;5,17;96,66;0,76;0,35;70,46;16,73;4,39;25,37;49,63;24,26;0,72;4,25;;-0,35;;0,78;0,36;1,70;0,46;0,54;0,08;15,27;-1,65;;100,96;0,79;-3,59;13.185.213.958,00
ARI;9,86;7,61;817,07;0,74;0,16;100,00;459,48;1,56;2,78;16,28;13,50;3,57;12,77;;-0,16;;0,09;0,02;5,67;0,21;0,79;0,01;;;;13,39;0,01;-7,33;1.368.596.430,00
ARR;16,85;11,37;-182,22;0,81;0,09;;;;2,64;3,24;0,60;0,18;;;-0,09;;-0,44;-0,05;22,92;0,11;0,89;0,00;;;;20,84;-0,09;1,96;1.379.931.560,00
AVB;203,98;2,54;25,18;2,42;1,36;100,00;46,74;38,86;20,94;26,91;5,98;0,69;9,78;;-1,36;;9,61;5,40;6,76;0,56;0,44;0,14;4,62;7,36;;83,70;8,04;1,16;28.833.831.546,00
BDN;4,13;7,25;-3,46;0,72;0,21;64,50;-15,76;-41,31;-9,08;-36,75;-27,68;2,20;1,43;;-0,21;;-20,81;-6,04;-2,46;0,29;0,71;0,15;-2,73;;;5,74;-1,20;5,20;716.015.070,00
BFS;35,27;3,34;24,01;2,60;0,40;72,40;43,90;13,00;7,11;18,15;11,04;4,04;3,12;;-0,40;;10,85;1,67;7,23;0,15;0,85;0,13;3,03;-0,42;;13,56;1,47;-2,11;855.294.992,00
BHR;2,50;6,00;-25,30;0,70;0,08;30,85;16,86;-0,91;1,37;9,74;8,37;4,28;0,23;-0,15;-0,09;0,18;-2,77;-0,32;8,42;0,11;0,67;0,35;8,36;;;3,56;-0,10;0,33;167.616.250,00
BNL;16,26;5,35;26,94;1,04;0,59;94,35;44,81;26,22;15,76;25,93;10,17;0,67;7,06;;-0,59;;3,87;2,18;3,92;0,56;0,44;0,08;7,64;15,39;;15,60;0,60;-0,73;3.072.553.250,00
BPYU;18,52;;-0,83;0,44;0,03;57,68;-4,09;-57,47;-11,61;-274,32;-262,70;9,86;0,48;;-0,03;;-52,70;-4,04;-0,55;0,08;0,88;0,07;-8,65;;;42,49;-22,39;0,00;710.173.476,00
BPYUP;25,20;;-1,13;0,59;0,05;57,68;-4,09;-57,47;-15,80;-274,32;-262,70;9,86;0,65;;-0,05;;-52,70;-4,04;-0,55;0,08;0,88;0,07;-8,65;;;42,49;-22,39;0,00;710.173.476,00
BRG;26,60;;18,42;16,07;0,31;63,36;34,40;18,88;10,11;22,56;12,45;19,78;3,48;;-0,31;;87,20;1,67;5,39;0,02;0,59;0,09;22,09;;;1,66;1,44;-17,60;813.284.360,00
BRMK;4,83;;-4,90;0,69;0,61;100,00;-482,36;-516,72;-5,25;-5,73;-0,48;0,06;25,31;;-0,61;;-14,13;-12,50;-11,92;0,88;0,12;0,02;-13,38;;;6,98;-0,99;0,02;636.353.949,00
BRSP;5,18;9,20;-3,16;0,66;0,19;69,47;86,02;-187,03;6,87;27,56;20,69;1,98;5,91;;-0,19;;-20,84;-6,07;2,90;0,29;0,71;0,03;-14,95;;;7,93;-1,65;-0,06;681.011.640,00
BRT;15,84;4,69;-42,29;1,52;0,43;100,00;14,40;-7,51;22,06;55,32;33,26;2,30;3,18;;-0,43;;-3,60;-1,01;1,97;0,28;0,72;0,14;27,84;;;10,50;-0,38;0,32;302.066.744,00
BRX;26,17;2,14;24,96;2,71;0,93;75,22;41,32;24,58;14,85;24,13;9,29;1,69;6,14;;-0,93;;10,84;3,72;6,68;0,34;0,66;0,15;1,92;4,31;;9,65;1,05;1,83;7.991.229.211,00
BXMT;19,59;4,79;-41,76;0,91;0,17;0,00;66,71;-4,84;3,03;2,43;-0,60;-0,18;2,02;;-0,17;;-2,19;-0,40;30,13;0,18;0,82;0,08;15,10;;;21,46;-0,47;0,02;3.366.403.524,00
BXP;67,91;4,33;-2.422,72;2,02;0,42;60,94;31,33;-0,13;9,99;24,45;14,47;2,93;3,13;;-0,42;;-0,08;-0,02;5,04;0,21;0,79;0,13;2,85;-51,11;;33,60;-0,03;23,68;10.742.324.110,00
CCI;101,95;4,63;-9,45;-35,27;1,39;71,71;-45,25;-71,80;-14,99;-23,18;-8,19;;6,78;-23,70;-1,44;0,37;-373,34;-14,73;-12,85;-0,04;1,04;0,21;2,65;;;-2,88;-10,74;0,02;44.194.713.612,00
CDR;29,00;;-0,01;0,89;0,38;58,36;-364,13;-527,89;-0,01;-0,03;-0,02;1,20;0,05;;-0,38;;-10.289,13;-4.439,26;-3.220,29;0,43;0,57;8,41;-3,33;;;32,53;-3.347,28;0,00;393.103.700,00
CHCT;17,27;8,10;-92,91;1,06;0,50;80,14;16,94;-4,51;24,73;49,74;25,01;1,07;4,19;;-0,50;;-1,14;-0,53;2,06;0,47;0,53;0,12;13,73;;;16,28;-0,19;0,72;488.260.294,00
CHMI;2,82;15,85;-10,06;0,41;0,06;73,55;110,47;-19,79;1,80;-22,35;-24,15;-5,49;1,99;;-0,06;;-4,07;-0,64;12,64;0,16;0,84;0,03;-7,98;;;6,94;-0,28;-0,15;92.749.856,00
CIM;14,31;7,76;7,88;0,44;0,09;100,00;265,09;54,74;1,63;5,67;4,04;1,09;4,31;;-0,09;;5,56;1,11;12,30;0,20;0,80;0,02;-15,63;-15,70;;32,65;1,82;0,99;1.157.881.010,00
CIO;5,56;5,37;-12,03;0,31;0,16;59,74;9,70;-11,11;13,77;51,38;37,62;0,85;1,34;;-0,16;;-2,58;-1,31;1,19;0,51;0,49;0,12;1,83;;;17,98;-0,46;-0,03;225.602.338,00
CLDT;7,17;3,21;50,52;0,47;0,29;42,94;13,06;2,19;8,47;17,05;8,58;0,47;1,11;;-0,29;;0,92;0,57;3,65;0,62;0,38;0,26;-0,69;-19,41;;15,41;0,14;0,13;351.216.714,00
CLI;18,35;;-62,91;1,28;0,37;76,04;-7,77;-8,36;-67,74;-163,38;-95,64;1,80;5,26;;-0,37;;-2,03;-0,58;-0,66;0,29;0,60;0,07;-12,02;;;14,36;-0,29;0,66;1.671.382.225,00
CLNC;10,32;;-2,93;0,86;0,22;43,42;-47,68;-322,28;-19,84;-73,24;-53,41;2,30;9,46;;-0,22;;-29,14;-7,34;-1,45;0,25;0,75;0,02;9,43;;;12,07;-3,52;0,00;1.330.917.768,00
CLNY;8,50;;-0,49;0,19;0,07;65,74;-147,61;-222,45;-0,74;-4,54;-3,79;0,99;1,10;1,60;-0,08;1,65;-39,38;-13,62;-12,42;0,35;0,65;0,06;9,25;;;43,68;-17,20;0,00;1.359.110.050,00
CLPR;3,71;5,05;-4,09;-3,02;0,05;56,75;5,17;-9,73;7,71;165,48;157,77;;0,40;;-0,05;;-73,90;-1,18;0,62;-0,02;1,02;0,12;5,07;;;-1,24;-0,92;-0,02;60.710.840,00
CMCT;8,70;1,44;-0,24;0,02;0,01;39,88;8,29;-22,44;0,64;46,15;45,51;1,58;0,05;;-0,01;;-9,40;-3,12;1,18;0,33;0,64;0,14;-2,32;;;388,34;-36,52;0,01;6.542.382,00
CMCTP;28,10;;-0,77;0,07;0,02;39,88;8,29;-22,44;2,08;46,15;45,51;1,58;0,17;;-0,02;;-9,40;-3,12;1,18;0,33;0,64;0,14;-2,32;;;388,34;-36,52;0,02;6.542.382,00
CMO;6,50;;9,33;0,72;0,08;100,00;121,01;73,55;5,67;66,03;60,36;7,68;6,86;;-0,08;;7,73;0,86;1,43;0,11;0,89;0,01;-12,46;;;9,01;0,70;-0,06;629.691.400,00
COLD;16,85;3,97;-39,88;1,51;0,61;32,00;0,34;-4,58;529,58;932,44;402,86;1,15;1,83;;-0,61;;-3,77;-1,54;0,02;0,41;0,59;0,34;8,37;;;11,21;-0,42;0,63;4.803.320.872,00
CONE;90,36;;468,41;4,05;1,59;55,95;7,05;2,10;139,42;179,79;40,38;1,17;9,83;-44,32;-1,77;0,74;0,87;0,34;1,19;0,39;0,61;0,16;17,91;4,92;;22,29;0,19;-12,04;11.850.659.784,00
COR;299,82;0,54;34,26;57,27;0,81;3,39;0,80;0,55;23,33;25,69;2,36;5,80;0,19;-8,54;-2,35;0,87;167,19;2,38;21,31;0,01;0,99;4,36;248,39;81,87;;5,23;8,74;-3,99;58.009.435.315,00
CORR;0,01;;-0,01;0,00;0,00;46,28;4,85;-10,77;0,02;33,40;33,38;1,98;0,00;;0,00;;-13,18;-3,00;1,83;0,23;0,77;0,28;8,53;;;6,85;-0,90;0,00;160.376,00
CPLG;15,98;;-33,36;1,06;0,61;17,49;-0,65;-6,05;-311,32;-437,32;-126,00;0,43;2,02;;-0,61;;-3,19;-1,83;-0,42;0,57;0,43;0,30;;;;15,01;-0,48;0,37;933.952.698,00
CPT;114,12;2,73;103,11;2,64;1,36;61,47;16,64;7,58;46,98;61,23;14,25;0,80;7,82;;-1,36;;2,56;1,31;3,08;0,51;0,49;0,17;8,38;-6,10;;43,20;1,11;-1,41;12.190.215.800,00
CTO;17,55;6,50;-62,14;0,97;0,46;73,87;13,16;-7,04;33,22;66,94;33,73;0,99;4,37;;-0,46;;-1,57;-0,75;1,44;0,48;0,52;0,11;22,61;;;18,03;-0,28;0,47;578.003.985,00
CTRE;31,31;2,92;37,04;2,05;1,55;94,62;77,21;65,80;31,57;32,56;1,00;0,06;24,37;;-1,55;;5,54;4,17;5,07;0,75;0,24;0,06;7,49;21,96;;15,27;0,85;0,24;6.005.616.370,00
CTT;10,37;;9,18;2,54;0,99;52,76;72,43;59,22;7,50;11,39;3,89;1,32;5,43;;-0,99;;27,70;10,81;13,63;0,39;0,61;0,18;4,53;;;4,08;1,13;-0,01;510.983.824,00
CUBE;43,08;2,39;25,51;3,46;1,46;69,97;44,91;35,80;20,34;27,40;7,06;1,20;9,13;;-1,46;;13,57;5,72;7,71;0,42;0,57;0,16;10,61;16,76;;12,48;1,69;-3,01;9.843.053.720,00
CUZ;29,22;2,19;91,49;1,02;0,57;68,06;21,12;5,97;25,85;41,76;15,90;0,63;5,46;;-0,57;;1,11;0,62;2,42;0,56;0,44;0,10;5,44;-21,11;;28,67;0,32;-3,31;4.901.342.523,00
CXP;19,28;;26,56;0,87;0,55;53,97;42,59;32,85;20,48;32,31;11,83;0,50;8,72;;-0,55;;3,29;2,06;2,80;0,63;0,37;0,06;-11,89;21,00;;22,06;0,73;-0,02;2.215.246.936,00
CXW;22,26;;28,74;1,64;0,81;23,57;9,18;4,33;13,55;18,55;5,00;0,61;1,24;16,53;-0,94;1,55;5,72;2,81;6,04;0,49;0,51;0,65;-0,19;-18,27;;13,51;0,77;0,94;2.426.591.232,00
DBRG;10,51;0,28;18,84;0,95;0,54;100,00;34,64;18,20;9,90;-3,05;-12,94;-1,25;3,43;;-0,54;;5,06;2,89;8,28;0,57;0,42;0,16;58,50;;;11,12;0,56;-0,28;1.870.181.199,00
DEA;22,47;3,54;55,81;0,76;0,31;66,87;25,82;5,86;12,68;32,61;19,94;1,19;3,27;;-0,31;;1,35;0,56;2,71;0,41;0,59;0,10;6,38;22,09;;29,70;0,40;-7,34;1.007.672.688,00
DEI;15,41;2,45;47,73;1,27;0,27;64,07;27,95;5,48;9,36;28,00;18,64;2,53;2,62;;-0,27;;2,66;0,57;3,58;0,21;0,79;0,10;1,04;-42,17;;12,22;0,32;-0,23;2.597.093.664,00
DHC;3,71;0,82;-3,03;0,46;0,18;17,75;-1,92;-19,38;-30,67;-116,53;-85,86;1,28;0,59;;-0,18;;-15,04;-5,86;-0,62;0,39;0,61;0,30;7,53;;;8,07;-1,21;0,10;887.803.312,00
DHCNI;15,79;4,45;-13,00;1,96;0,76;17,75;-1,92;-19,38;-131,58;-116,53;-85,86;1,28;2,52;;-0,76;;-15,04;-5,86;-0,62;0,39;0,61;0,30;7,53;;;8,07;-1,21;0,43;887.803.312,00
DHCNL;16,62;4,70;-13,69;2,06;0,80;17,75;-1,92;-19,38;-138,50;-116,53;-85,86;1,28;2,65;;-0,80;;-15,04;-5,86;-0,62;0,39;0,61;0,30;7,53;;;8,07;-1,21;0,45;887.803.312,00
DLR;172,02;2,84;148,51;2,72;1,29;55,04;18,02;6,93;57,11;72,15;15,03;0,72;10,29;;-1,29;;1,83;0,87;2,48;0,47;0,50;0,12;11,60;0,77;;63,23;1,16;-2,36;57.951.713.405,00
DOC;18,09;5,01;45,09;1,53;0,63;100,00;21,78;10,15;21,01;35,64;14,63;1,07;4,58;;-0,63;;3,40;1,40;3,46;0,41;0,59;0,14;45,71;26,70;;11,79;0,40;1,02;12.546.861.726,00
DRE;48,20;;19,55;2,95;1,69;41,81;95,22;85,63;17,58;21,08;3,50;0,59;16,74;;-1,69;;15,06;8,66;10,01;0,57;0,43;0,10;8,65;22,27;;16,37;2,47;0,22;18.556.648.140,00
DRH;7,91;2,15;36,86;1,04;0,53;55,07;10,46;3,92;13,81;21,80;7,99;0,60;1,44;;-0,53;;2,83;1,43;4,37;0,50;0,50;0,36;3,79;-23,31;;7,59;0,21;-0,93;1.629.858.480,00
DX;12,80;8,88;20,58;0,99;0,15;0,00;91,22;15,74;3,55;-0,29;-3,84;-1,07;3,24;;-0,15;;4,79;0,74;4,49;0,15;0,85;0,05;;;;13,03;0,62;-3,11;1.375.990.896,00
EARN;5,77;11,09;25,98;0,88;0,21;;;;4,08;3,46;-0,62;-0,14;;;-0,21;;3,40;0,80;20,75;0,24;0,76;0,00;;;;6,53;0,22;0,58;171.089.732,00
EGP;170,17;2,47;39,07;2,67;1,75;100,00;40,20;34,60;33,63;39,02;5,40;0,43;13,52;;-1,75;;6,83;4,47;5,53;0,65;0,35;0,13;14,08;13,36;;63,69;4,35;5,95;8.927.703.000,00
ELS;62,10;2,38;32,26;6,75;2,09;50,31;34,04;24,27;22,99;29,33;6,34;1,86;7,83;;-2,09;;20,93;6,49;10,16;0,31;0,69;0,27;7,78;5,63;;9,15;1,92;4,49;11.815.511.100,00
EPR;59,50;4,37;34,50;1,95;0,82;91,59;40,03;18,57;16,00;26,07;10,06;1,23;6,41;;-0,82;;5,65;2,37;5,42;0,42;0,58;0,13;1,38;-6,30;;30,51;1,72;-2,12;4.521.511.640,00
EPRT;31,84;2,76;29,68;1,65;1,04;98,68;63,13;44,62;20,98;27,95;6,97;0,55;13,24;;-1,04;;5,56;3,50;5,03;0,63;0,37;0,08;26,40;37,14;;19,32;1,07;-0,30;6.296.692.124,00
EQC;1,59;;3,89;0,07;0,07;100,00;86,40;75,17;3,38;-40,66;-44,05;-0,92;2,92;;-0,07;;1,82;1,80;2,08;0,99;0,01;0,02;-21,03;-19,69;;22,43;0,41;-0,09;170.799.867,00
EQIX;781,11;2,28;82,96;5,54;2,13;49,58;17,69;10,48;49,14;58,37;9,23;1,04;8,69;35,31;-2,52;1,65;6,67;2,57;4,38;0,38;0,61;0,25;9,48;9,94;;141,99;9,48;-57,36;76.900.406.850,00
EQR;67,25;2,04;25,59;2,31;1,24;63,22;44,67;33,06;18,94;24,73;5,79;0,70;8,46;;-1,24;;9,01;4,84;7,08;0,54;0,45;0,15;1,99;1,38;;29,08;2,62;3,04;25.467.626.211,00
ESRT;8,16;1,28;27,12;1,34;0,34;59,73;26,19;6,65;6,89;16,09;9,20;1,79;1,80;;-0,34;;4,94;1,24;6,36;0,25;0,75;0,19;0,98;0,18;;6,13;0,30;5,05;1.383.272.523,00
ESS;285,65;2,63;27,27;3,29;1,39;67,93;67,30;37,08;15,02;20,52;5,50;1,20;10,11;;-1,39;;12,06;5,10;9,85;0,42;0,57;0,14;3,98;15,86;;86,51;10,44;0,33;18.321.452.512,00
EXR;151,19;2,14;35,25;2,32;1,11;74,05;46,26;27,84;21,21;28,30;7,09;0,77;9,81;;-1,11;;6,57;3,15;5,60;0,48;0,52;0,11;20,01;14,41;;65,44;4,30;3,36;32.162.684.004,00
FCPT;27,17;3,89;26,58;1,91;1,01;100,00;55,93;37,57;17,85;25,40;7,55;0,81;9,99;-2,38;-1,05;0,09;7,17;3,78;5,78;0,53;0,47;0,10;10,84;6,71;;14,24;1,02;4,05;2.726.810.080,00
FPI;11,52;11,06;9,12;1,10;0,65;80,33;139,10;102,43;6,72;8,96;2,24;0,37;9,35;;-0,65;;12,06;7,14;11,53;0,59;0,29;0,07;1,68;33,96;;10,43;1,26;0,09;527.965.200,00
FR;49,41;2,39;24,53;2,47;1,20;73,10;53,77;39,04;17,81;24,45;6,64;0,92;9,58;;-1,20;;10,08;4,90;6,96;0,49;0,51;0,13;9,47;4,49;;20,02;2,02;-4,81;6.555.029.931,00
FRT;95,27;3,46;27,97;2,58;0,95;67,18;44,17;24,11;15,27;23,52;8,26;1,39;6,74;;-0,95;;9,22;3,41;6,95;0,37;0,61;0,14;5,14;-3,56;;37,00;3,41;1,04;8.230.133.387,00
FSP;1,75;1,14;-2,72;0,29;0,20;42,87;-35,46;-57,42;-4,41;-9,81;-5,40;0,35;1,56;;-0,20;;-10,52;-7,27;-4,66;0,69;0,31;0,13;-14,90;;;6,12;-0,64;-0,19;181.241.725,00
GEO;25,96;;127,16;2,73;1,01;100,00;12,25;1,19;12,36;17,80;5,44;1,20;1,51;32,02;-1,17;1,29;2,15;0,79;9,70;0,37;0,63;0,67;-0,44;-28,12;;9,50;0,20;-1,77;3.669.256.492,00
GLPI;48,17;6,37;17,02;3,13;1,09;100,00;75,96;50,00;11,20;16,75;5,55;1,55;8,51;449,54;-1,13;1,08;18,39;6,39;10,53;0,35;0,65;0,13;5,83;14,95;;15,34;2,82;2,47;13.197.480.660,00
GMRE;7,20;8,76;134,43;0,93;0,38;100,00;26,86;2,59;12,95;30,21;17,26;1,24;3,48;-0,74;-0,41;0,11;0,69;0,28;3,11;0,41;0,59;0,11;14,43;-6,40;;7,74;0,05;-2,18;480.857.853,00
GNL;7,69;10,73;-5,78;0,90;0,30;82,44;12,89;-37,64;16,87;46,78;29,91;1,59;2,17;;-0,30;;-15,52;-5,13;1,87;0,33;0,67;0,14;21,33;;;8,58;-1,33;-0,22;1.716.474.903,00
GOOD;14,48;9,68;41,96;3,66;0,58;82,51;41,47;10,56;10,68;22,21;11,53;3,94;4,43;;-0,58;;8,71;1,38;6,76;0,16;0,70;0,13;5,48;20,04;;3,96;0,34;-0,33;669.713.563,00
GOODM;25,01;;72,52;6,32;1,00;82,51;41,47;10,56;18,47;22,21;11,53;3,94;7,66;;-1,00;;8,71;1,38;6,76;0,16;0,70;0,13;5,48;20,04;;3,96;0,34;-0,57;669.713.563,00
GOODN;23,65;4,71;67,99;5,92;0,94;82,51;41,47;10,56;17,31;22,21;11,53;3,94;7,18;;-0,94;;8,71;1,38;6,76;0,16;0,70;0,13;5,48;20,04;;3,96;0,34;-0,54;669.713.563,00
GPMT;2,56;5,88;-0,88;0,20;0,06;100,00;-41,16;-1.240,74;-26,59;-190,24;-163,64;1,26;10,94;;-0,06;;-23,14;-6,89;-0,32;0,30;0,70;0,01;;;;12,49;-2,89;-0,03;123.435.045,00
GTY;27,85;4,99;22,33;1,61;0,78;93,65;56,26;33,43;13,27;20,97;7,70;0,93;7,47;;-0,78;;7,19;3,51;6,23;0,49;0,51;0,10;7,66;7,40;;17,34;1,25;2,21;1.543.502.496,00
HASI;26,85;4,65;24,46;1,37;0,44;;;;7,59;9,12;1,52;0,27;;;-0,44;;5,58;1,79;5,37;0,32;0,68;0,00;;19,65;;19,71;1,10;-0,53;3.268.122.624,00
HHC;78,83;;25,50;1,12;0,41;39,19;21,32;9,71;11,62;23,06;11,44;1,11;2,48;;-0,41;;4,40;1,62;3,39;0,37;0,63;0,17;7,89;-2,60;;70,19;3,09;5,61;3.949.611.607,00
HIW;31,12;4,81;19,57;1,39;0,55;67,27;39,21;21,08;10,52;20,85;10,33;1,37;4,12;;-0,55;;7,12;2,83;5,56;0,40;0,59;0,13;2,33;-5,67;;22,36;1,59;0,60;3.361.534.508,00
HR;15,82;5,86;-33,23;1,10;0,53;61,85;5,10;-13,71;89,39;165,95;76,56;0,94;4,56;;-0,53;;-3,31;-1,60;0,63;0,48;0,52;0,12;21,63;;;14,45;-0,48;0,93;5.580.605.180,00
HST;16,13;5,59;16,51;1,68;0,86;64,92;15,95;11,66;12,07;17,10;5,03;0,70;1,92;-17,25;-0,89;0,40;10,18;5,23;7,76;0,51;0,48;0,45;0,77;-5,40;;9,59;0,98;-2,71;11.175.738.984,00
HT;9,99;;3,19;0,60;0,29;30,33;56,85;33,81;1,90;3,94;2,05;0,65;1,08;;-0,29;;18,95;9,07;16,63;0,48;0,52;0,27;-4,02;7,41;;16,55;3,14;-0,01;402.559.038,00
HTA;29,19;;70,91;2,08;0,98;68,73;24,81;12,13;34,66;50,82;16,16;0,97;8,60;;-0,98;;2,94;1,38;3,04;0,47;0,53;0,11;10,72;16,93;;14,02;0,41;0,97;6.686.725.521,00
IIPR;56,55;10,09;10,47;0,82;0,67;90,44;55,00;49,56;9,44;10,74;1,30;0,11;5,19;;-0,67;;7,86;6,42;7,37;0,82;0,18;0,13;47,18;47,10;;68,62;5,39;-1,62;1.582.072.576,00
ILPT;4,57;0,65;-1,32;0,56;0,06;86,23;34,45;-52,18;2,00;28,66;26,66;7,52;0,69;;-0,06;;-42,75;-4,30;3,15;0,10;0,90;0,08;14,05;;;8,16;-3,49;0,15;304.253.660,00
INDT;66,99;;10.674,44;1,76;1,16;77,84;2,40;0,12;555,42;672,60;117,19;0,37;13,33;;-1,16;;0,02;0,01;0,12;0,66;0,34;0,09;307,31;165,55;;38,01;0,01;-107,20;683.164.020,00
INN;5,38;4,45;19,01;0,66;0,21;75,59;15,04;4,37;5,52;17,96;12,43;1,48;0,83;-0,43;-0,22;0,08;3,46;1,10;4,33;0,32;0,66;0,25;5,90;-11,98;;8,20;0,28;-0,03;604.873.346,00
INVH;32,49;2,66;41,59;2,04;1,07;59,00;32,78;18,03;22,88;32,06;9,18;0,82;7,50;;-1,07;;4,91;2,57;4,82;0,52;0,48;0,14;8,22;25,56;;15,86;0,78;-3,51;19.853.427.827,00
IRM;101,00;2,20;243,44;-42,53;1,53;56,05;14,90;1,95;31,82;47,63;15,81;;4,74;-27,24;-1,69;0,62;-17,47;0,63;6,15;-0,04;1,03;0,32;7,61;-7,59;;-2,37;0,41;-6,58;29.710.920.730,00
IRT;17,69;2,72;137,00;1,19;0,69;58,62;16,46;4,69;39,05;59,96;20,91;0,64;6,43;;-0,69;;0,87;0,50;1,85;0,58;0,42;0,11;25,79;-3,06;;14,78;0,13;-0,30;4.119.291.700,00
IVR;7,67;10,42;12,17;0,67;0,08;;;;1,73;-19,14;-20,87;-8,07;;;-0,08;;5,48;0,68;38,58;0,12;0,88;0,00;;-30,30;;11,51;0,63;-0,02;506.438.400,00
JBGS;16,92;3,11;-7,44;0,78;0,26;62,56;-9,20;-31,69;-25,62;-75,21;-49,59;1,52;2,36;;-0,26;;-10,54;-3,50;-1,23;0,33;0,58;0,11;-3,31;;;21,50;-2,27;-2,06;1.233.134.640,00
KIM;21,49;3,44;27,97;1,37;0,74;68,70;35,64;25,11;19,71;30,40;10,70;0,75;7,02;;-0,74;;4,91;2,63;3,72;0,54;0,46;0,10;11,94;0,01;;15,65;0,77;0,49;14.537.905.487,00
KRC;34,71;4,69;20,44;0,76;0,38;68,71;31,78;17,74;11,41;24,04;12,63;0,85;3,63;;-0,38;;3,73;1,84;3,57;0,49;0,51;0,10;6,28;1,54;;45,29;1,69;-0,20;4.088.960.342,00
KREF;8,86;8,45;26,70;0,46;0,09;100,00;1.998,73;108,54;1,45;9,77;8,32;2,64;28,98;;-0,09;;1,72;0,34;8,52;0,20;0,80;0,00;;-16,93;;19,32;0,33;-0,06;602.119.944,00
KRG;22,90;2,22;369,39;1,54;0,75;74,25;16,80;1,59;35,04;54,88;19,85;0,87;5,89;;-0,75;;0,42;0,20;2,33;0,49;0,50;0,13;21,71;;;14,87;0,06;-4,88;5.040.296.039,00
LADR;11,03;6,26;13,65;0,93;0,32;65,64;265,07;88,43;4,55;11,90;7,34;1,50;12,07;;-0,32;;6,82;2,31;7,22;0,34;0,66;0,03;-8,74;-2,82;;11,84;0,81;2,48;1.411.623.430,00
LAMR;123,99;4,96;30,05;12,32;1,94;66,93;27,40;19,06;20,91;26,12;5,22;3,07;5,73;-40,66;-2,07;0,57;40,98;6,45;13,93;0,16;0,84;0,34;4,71;-0,54;;10,06;4,12;-1,98;12.686.121.000,00
LAND;10,57;4,87;43,24;0,55;0,30;93,17;44,50;10,80;10,49;23,02;12,53;0,66;4,67;;-0,30;;1,28;0,69;3,06;0,54;0,46;0,06;15,93;50,16;;19,07;0,24;-0,99;381.748.585,00
LANDO;19,37;5,14;79,80;1,02;0,55;93,17;44,50;10,80;19,36;23,02;12,53;0,66;8,62;;-0,55;;1,28;0,69;3,06;0,54;0,46;0,06;15,93;50,16;;19,07;0,24;-1,82;381.748.585,00
LANDP;19,44;5,16;79,39;1,02;0,55;93,17;44,50;10,80;19,26;23,02;12,53;0,66;8,57;;-0,55;;1,28;0,69;3,06;0,54;0,46;0,06;15,93;50,16;;19,07;0,24;-1,81;381.748.585,00
LFT;2,13;15,89;9,66;0,48;0,11;;;;1,27;1,08;-0,19;-0,07;;;-0,11;;5,00;1,09;31,50;0,22;0,78;0,00;;53,43;;4,43;0,22;-0,35;111.974.430,00
LOAN;5,84;7,94;12,07;1,53;1,01;100,00;58,45;58,44;12,07;15,82;3,75;0,47;7,05;1,35;-242,60;3,96;12,66;8,34;8,56;0,66;0,34;0,14;5,71;4,46;;3,79;0,48;-3,34;66.230.073,00
LSI;133,23;;30,96;3,18;1,54;73,35;44,92;33,96;23,41;30,37;6,96;0,95;10,51;;-1,54;;10,27;4,96;6,95;0,48;0,49;0,15;14,40;30,02;;41,90;4,30;0,93;11.336.500.731,00
LTC;35,50;4,28;18,80;1,70;0,92;90,28;95,17;66,69;13,17;18,49;5,32;0,68;12,54;;-0,92;;9,02;4,89;7,54;0,54;0,46;0,07;-6,52;2,58;;20,94;1,89;2,28;1.631.914.218,00
MAA;150,56;1,95;31,39;2,96;1,49;82,39;34,43;25,57;23,32;29,89;6,58;0,84;8,03;;-1,49;;9,44;4,76;6,84;0,50;0,49;0,19;5,95;8,32;;50,83;4,80;36,50;17.633.571.928,00
MAC;16,47;3,10;-35,38;1,56;0,48;58,12;25,53;-12,26;16,98;36,95;19,97;1,84;4,34;;-0,48;;-4,41;-1,35;3,09;0,31;0,69;0,11;-0,20;;;10,53;-0,46;0,54;4.157.289.472,00
MDRR;10,61;1,67;-6,14;1,03;0,18;74,38;5,28;-24,64;28,64;119,49;90,85;3,25;1,51;;-0,18;;-16,70;-2,99;0,79;0,18;0,82;0,12;3,32;;;10,35;-1,73;-0,36;14.348.964,00
MDRRP;25,11;1,99;-14,53;2,43;0,43;74,38;5,28;-24,64;67,78;119,49;90,85;3,25;3,58;;-0,43;;-16,70;-2,99;0,79;0,18;0,82;0,12;3,32;;;10,35;-1,73;-0,84;14.348.964,00
MFA;9,66;10,95;8,83;0,54;0,09;0,00;79,85;13,81;1,53;-1,61;-3,14;-1,11;1,22;;-0,09;;6,12;0,98;35,33;0,16;0,84;0,07;0,04;-20,61;;17,91;1,10;0,03;993.680.072,00
MGP;41,64;;30,31;2,06;0,63;96,71;79,83;27,27;10,35;16,96;6,60;1,31;8,27;;-0,63;;6,80;2,08;8,47;0,31;0,69;0,08;10,84;47,00;;20,20;1,37;1,88;6.527.207.412,00
MNR;14,52;13,73;10,82;1,25;0,77;62,19;25,88;16,14;6,75;8,64;1,89;0,35;1,75;-20,01;-0,84;0,69;11,56;7,11;13,66;0,61;0,39;0,44;44,89;44,10;;11,65;1,35;-0,02;1.724.161.348,00
MPW;4,28;5,61;-1,27;0,54;0,17;96,89;-169,65;-213,12;-1,60;-7,07;-5,47;1,85;2,71;;-0,17;;-42,44;-13,60;-11,60;0,32;0,68;0,06;3,11;;;7,92;-3,36;-0,01;2.571.424.000,00
NHI;70,98;3,81;23,43;2,32;1,19;96,45;62,26;44,24;16,65;22,33;5,68;0,79;10,37;;-1,19;;9,89;5,07;7,38;0,51;0,48;0,11;1,15;-2,97;;30,55;3,02;3,41;3.304.980.086,00
NLOP;32,74;;-7,70;0,84;0,62;66,05;-9,94;-49,54;-38,39;-44,92;-6,53;0,14;3,82;;-0,62;;-10,85;-8,05;-2,08;0,74;0,26;0,16;;;;39,30;-4,26;;486.346.903,00
NLY;19,50;10,27;21,59;0,91;0,11;0,00;96,69;9,98;2,23;0,44;-1,79;-0,73;2,15;;-0,11;;4,20;0,52;6,95;0,12;0,88;0,05;44,19;;;21,48;0,90;-0,07;11.781.084.777,00
NNN;43,60;5,32;20,57;1,88;0,91;96,10;66,30;45,09;13,99;21,63;7,65;1,03;9,27;;-0,91;;9,16;4,42;6,63;0,48;0,52;0,10;5,33;5,81;;23,18;2,12;34,29;8.204.065.515,00
NREF;13,70;10,85;5,05;0,72;0,05;;;;2,01;36,56;34,56;12,40;;;-0,05;;14,25;0,90;2,66;0,06;0,89;0,00;;;;19,21;2,74;0,00;244.984.620,00
NSA;32,00;5,27;54,74;2,38;0,47;72,16;35,19;5,91;9,19;21,89;12,70;3,30;3,23;;-0,47;;4,36;0,86;5,92;0,20;0,80;0,15;14,71;94,73;;13,52;0,59;-0,84;2.465.246.916,00
NTST;17,10;3,68;-123,74;1,07;0,61;89,40;14,21;-6,60;57,50;94,68;37,19;0,69;8,17;;-0,61;;-0,86;-0,49;1,09;0,57;0,43;0,07;51,62;;;15,99;-0,14;1,24;1.397.174.310,00
NXRT;33,91;4,36;-30,46;2,26;0,46;62,65;19,03;-11,06;17,69;46,72;29,03;3,71;3,37;;-0,46;;-7,43;-1,50;2,63;0,20;0,80;0,14;7,48;-24,58;;15,03;-1,12;0,29;859.932.647,00
NYC;14,53;;-0,27;0,50;0,08;28,67;-210,12;-242,44;-0,31;-3,02;-2,70;4,30;0,65;;-0,08;;-183,66;-28,35;-28,89;0,15;0,85;0,12;-2,68;;;29,26;-53,75;-0,01;38.220.791,00
NYMT;6,70;11,89;38,66;0,43;0,06;0,00;65,09;2,74;1,63;0,47;-1,16;-0,31;1,06;;-0,06;;1,12;0,16;6,30;0,14;0,86;0,06;-9,63;;;15,53;0,17;-0,30;607.706.886,00
NYMTM;24,33;9,71;139,77;1,57;0,22;0,00;65,09;2,74;5,89;0,47;-1,16;-0,31;3,83;;-0,22;;1,12;0,16;6,30;0,14;0,86;0,06;-9,63;;;15,53;0,17;-1,08;607.706.886,00
NYMTN;20,89;9,56;120,13;1,35;0,19;0,00;65,09;2,74;5,06;0,47;-1,16;-0,31;3,30;;-0,19;;1,12;0,16;6,30;0,14;0,86;0,06;-9,63;;;15,53;0,17;-0,93;607.706.886,00
NYMTO;25,06;;143,97;1,61;0,23;0,00;65,09;2,74;6,07;0,47;-1,16;-0,31;3,95;;-0,23;;1,12;0,16;6,30;0,14;0,86;0,06;-9,63;;;15,53;0,17;-1,11;607.706.886,00
NYMTP;25,32;;145,46;1,63;0,23;0,00;65,09;2,74;6,13;0,47;-1,16;-0,31;3,99;;-0,23;;1,12;0,16;6,30;0,14;0,86;0,06;-9,63;;;15,53;0,17;-1,12;607.706.886,00
O;57,77;5,07;53,69;1,33;0,75;92,67;55,31;17,96;17,43;26,38;8,95;0,68;9,64;;-0,75;;2,48;1,39;4,41;0,56;0,44;0,08;28,72;14,55;;43,22;1,07;2,15;51.972.248.245,00
OFC;24,97;;14,75;1,62;0,66;32,37;37,64;27,43;10,75;19,15;8,39;1,27;4,05;;-0,66;;11,00;4,49;6,62;0,41;0,59;0,16;3,82;21,07;;15,38;1,69;0,78;2.810.281.111,00
OHI;36,80;7,31;23,68;2,24;1,09;98,70;62,65;41,29;15,60;21,55;5,95;0,85;9,78;;-1,09;;9,45;4,62;7,27;0,49;0,51;0,11;2,51;19,38;;16,38;1,55;0,39;10.606.326.750,00
OLP;24,14;5,56;17,84;1,73;0,65;79,93;73,84;31,96;7,72;14,28;6,56;1,47;5,70;;-0,65;;9,70;3,62;8,78;0,37;0,63;0,11;1,34;11,05;;14,04;1,36;154,16;524.741.490,00
ONL;2,34;9,48;-1,50;0,17;0,10;57,86;-34,21;-55,90;-2,45;-11,72;-9,28;0,66;0,84;;-0,10;;-11,55;-6,55;-4,25;0,57;0,43;0,12;25,26;;;13,41;-1,55;-0,09;130.369.384,00
OPI;0,27;11,11;-0,11;0,02;0,01;81,73;1,24;-37,13;3,23;389,02;385,79;2,06;0,04;;-0,01;;-15,98;-4,95;0,16;0,31;0,69;0,13;-5,85;;;15,61;-2,49;0,00;19.141.650,00
OPINI;25,04;;-10,04;1,60;0,50;81,73;1,24;-37,13;299,82;389,02;385,79;2,06;3,73;;-0,50;;-15,98;-4,95;0,16;0,31;0,69;0,13;-5,85;;;15,61;-2,49;-0,07;19.141.650,00
OPINL;6,67;11,95;-2,67;0,43;0,13;81,73;1,24;-37,13;79,86;389,02;385,79;2,06;0,99;;-0,13;;-15,98;-4,95;0,16;0,31;0,69;0,13;-5,85;;;15,61;-2,49;-0,02;19.141.650,00
ORC;7,16;13,39;22,37;0,92;0,11;;;;2,78;-22,59;-25,38;-8,34;;;-0,11;;4,09;0,48;32,87;0,12;0,88;0,00;;9,19;;7,84;0,32;-0,09;783.107.400,00
OUT;17,02;5,31;10,69;5,00;0,55;48,62;32,33;14,60;4,83;9,10;4,27;4,42;1,56;-13,58;-0,59;0,61;46,71;5,16;18,52;0,11;0,86;0,35;0,54;13,01;;3,39;1,58;-0,07;2.831.899.215,00
PCH;40,07;4,51;65,32;1,56;0,96;13,45;6,24;4,35;45,58;58,49;12,91;0,44;2,84;35,30;-1,06;1,43;2,39;1,47;1,93;0,62;0,38;0,34;5,13;-17,04;;25,57;0,61;12,14;3.134.408.480,00
PEAK;17,12;;30,79;1,48;0,60;100,00;23,86;14,09;18,18;31,20;13,02;1,06;4,34;;-0,60;;4,79;1,94;3,82;0,40;0,59;0,14;12,83;-22,02;;11,61;0,56;-0,79;9.367.601.760,00
PEB;10,42;0,29;-41,16;0,47;0,22;33,39;5,46;-2,06;15,55;41,03;25,47;0,77;0,85;-0,48;-0,23;0,13;-1,14;-0,53;1,04;0,47;0,53;0,26;-2,05;;;22,20;-0,25;0,41;1.239.073.488,00
PEI;2,45;;-0,09;-0,17;0,01;56,71;-5,82;-47,01;-0,75;-100,37;-99,61;;0,04;;-0,01;;-178,73;-7,49;-1,03;-0,04;1,04;0,16;-5,81;;;-14,72;-26,31;0,00;13.155.275,00
PGRE;6,09;;-12,15;0,43;0,17;100,00;14,76;-14,56;11,99;39,47;27,48;0,99;1,77;;-0,17;;-3,56;-1,38;1,62;0,39;0,61;0,10;0,37;;;14,08;-0,50;0,15;1.337.273.110,00
PINE;14,60;5,77;182,10;0,87;0,32;100,00;25,80;2,13;15,00;40,04;25,04;1,45;3,87;;-0,32;;0,48;0,18;2,32;0,37;0,63;0,08;31,60;-10,47;;16,89;0,08;-0,68;208.864.488,00
PK;10,71;9,32;16,89;0,61;0,24;65,60;13,67;4,90;6,06;18,22;12,16;1,23;0,83;-59,58;-0,25;0,93;3,63;1,43;3,64;0,39;0,61;0,29;-1,79;-7,08;;17,48;0,64;0,44;2.144.844.379,00
PLD;107,43;2,73;26,69;1,86;1,04;78,54;60,07;44,52;19,78;26,05;6,27;0,59;11,88;;-1,04;;6,98;3,89;5,67;0,56;0,44;0,09;19,75;18,95;;57,62;4,02;1,52;99.622.135.360,00
PLYM;16,10;4,46;5,35;1,29;0,52;69,13;93,05;71,03;4,08;7,78;3,70;1,17;3,80;;-0,52;;24,10;9,78;13,87;0,41;0,59;0,14;21,38;;;12,54;3,02;0,01;736.054.064,00
PMT;13,19;9,07;12,55;0,61;0,08;-80,70;5.267,34;582,43;1,39;0,17;-1,22;-0,53;73,12;;-0,08;;4,82;0,62;15,05;0,13;0,87;0,00;-47,04;-6,59;;21,87;1,05;-0,37;1.151.150.238,00
PSA;293,56;4,08;29,13;5,39;2,63;73,20;48,28;37,52;22,64;26,64;4,01;0,96;10,93;;-2,63;;18,52;9,03;11,98;0,49;0,51;0,24;10,53;10,24;;54,53;10,10;-3,69;51.603.116.895,00
PSB;187,44;;11,84;2,91;2,39;70,28;137,87;98,58;8,47;8,33;-0,14;-0,05;11,68;;-2,39;;24,56;20,18;33,97;0,82;0,18;0,20;2,55;48,15;;64,43;15,82;0,05;5.178.479.856,00
PSTL;15,04;4,80;42,34;1,46;0,55;76,08;29,14;10,43;15,15;28,04;12,89;1,24;4,42;;-0,55;;3,45;1,30;4,27;0,38;0,62;0,12;46,57;;;10,30;0,36;0,31;358.683.640,00
PW;1,09;;-0,15;0,67;0,08;46,08;-673,01;-801,30;-0,18;-1,98;-1,80;6,61;1,23;;-0,08;;-438,57;-52,73;-46,14;0,12;0,88;0,07;6,94;;;1,62;-7,09;0,00;3.694.773,00
QTS;77,95;;1.850,29;2,85;1,39;66,15;7,08;0,55;144,95;183,57;38,62;0,76;10,27;;-1,39;;0,15;0,07;1,09;0,49;0,51;0,14;11,64;-4,79;;27,33;0,04;-90,92;6.009.726.740,00
RC;4,54;8,26;-2,78;0,40;0,08;;;;2,42;17,11;14,68;2,42;;;-0,08;;-14,36;-2,79;3,47;0,19;0,80;0,00;;;;11,39;-1,63;0,01;774.102.688,00
RCA;24,96;;-15,27;2,19;0,43;;;;13,32;17,11;14,68;2,42;;;-0,43;;-14,36;-2,79;3,47;0,19;0,80;0,00;;;;11,39;-1,63;0,07;774.102.688,00
RCB;24,40;;-14,91;2,14;0,42;;;;13,01;17,11;14,68;2,42;;;-0,42;;-14,36;-2,79;3,47;0,19;0,80;0,00;;;;11,39;-1,63;0,07;774.102.688,00
RCP;25,23;;-15,43;2,22;0,43;;;;13,46;17,11;14,68;2,42;;;-0,43;;-14,36;-2,79;3,47;0,19;0,80;0,00;;;;11,39;-1,63;0,07;774.102.688,00
REG;70,56;3,95;33,11;1,91;1,02;70,07;36,81;26,28;23,63;32,21;8,58;0,69;8,70;;-1,02;;5,77;3,08;4,74;0,53;0,47;0,12;5,11;10,83;;36,91;2,13;-1,28;12.797.575.950,00
REXR;37,07;3,41;32,18;1,00;0,67;77,30;39,12;28,38;23,34;31,26;7,91;0,34;9,13;;-0,67;;3,10;2,08;3,05;0,67;0,33;0,07;28,37;34,60;;37,19;1,15;1,72;8.771.546.100,00
RHP;102,35;3,32;22,09;12,12;1,23;47,11;22,40;12,16;11,99;17,42;5,42;5,48;2,69;-2,02;-1,48;0,22;54,85;5,56;13,30;0,10;0,82;0,46;7,83;13,28;;8,44;4,63;4,63;6.441.449.434,00
RITM;11,70;6,41;8,01;0,80;0,14;100,00;103,78;27,11;2,09;9,51;7,42;2,83;2,17;;-0,14;;9,96;1,71;6,22;0,17;0,82;0,06;46,21;10,64;;14,67;1,46;0,20;6.202.433.250,00
RLJ;7,45;4,03;20,97;0,51;0,23;62,42;13,16;3,92;6,26;16,49;10,24;0,83;0,82;;-0,23;;2,41;1,12;4,02;0,46;0,54;0,29;-2,65;-11,86;;14,73;0,36;-3,49;1.130.267.810,00
ROIC;17,49;1,72;38,43;1,73;0,75;100,00;49,90;17,38;13,39;21,43;8,05;1,04;6,68;-1,53;-0,79;0,11;4,51;1,94;6,20;0,43;0,57;0,11;2,07;-4,17;;10,08;0,46;0,65;2.250.069.261,00
RPAI;13,15;;143,60;1,79;0,78;83,92;21,52;4,32;28,84;45,98;17,14;1,06;6,21;;-0,78;;1,25;0,54;2,95;0,44;0,56;0,13;-6,57;-33,92;;7,35;0,09;0,26;2.824.592.385,00
RPT;2,70;6,64;-5,79;0,42;0,12;;;;7,94;26,41;18,47;0,97;;;-0,12;;-7,18;-2,07;1,43;0,29;0,71;0,00;;;;6,52;-0,47;0,07;123.096.601,00
RWT;6,07;8,73;23,33;0,68;0,04;;;;0,83;3,74;2,91;2,39;;;-0,04;;2,93;0,17;19,09;0,06;0,94;0,00;;-20,42;;8,89;0,26;0,33;808.023.832,00
RYN;22,99;3,69;10,04;1,86;1,06;38,03;33,32;28,76;8,67;10,69;2,02;0,43;2,89;7,35;-1,38;2,71;18,50;10,57;13,59;0,57;0,43;0,37;12,16;43,46;;12,29;2,27;0,09;3.559.506.735,00
SAFE;15,63;3,41;10,69;0,47;0,16;100,00;343,01;116,01;3,62;16,80;13,18;1,73;12,40;;-0,16;;4,44;1,51;4,55;0,34;0,66;0,01;-0,31;35,98;;32,78;1,46;0,00;1.116.014.548,00
SBAC;233,57;1,80;30,65;-5,03;2,39;77,76;48,26;30,37;19,29;28,37;9,08;;9,31;-61,03;-2,63;0,69;-16,41;7,81;16,73;-0,48;1,47;0,26;5,87;38,52;;-46,26;7,59;0,65;25.003.549.221,00
SBRA;18,63;6,47;31,34;1,63;0,84;100,00;37,44;20,65;17,28;26,55;9,26;0,88;6,47;;-0,84;;5,21;2,69;4,99;0,52;0,48;0,13;2,80;12,93;;11,36;0,59;0,17;4.411.342.710,00
SELF;5,39;5,36;25,42;1,30;0,94;62,62;26,25;19,12;18,52;21,22;2,70;0,19;4,86;;-0,94;;5,10;3,70;5,22;0,73;0,27;0,19;7,65;29,16;;4,17;0,21;2,80;61.340.744,00
SITC;11,56;422,01;1,13;1,16;0,65;69,58;161,99;144,19;1,01;1,39;0,39;0,45;1,63;;-0,65;;102,99;57,56;73,10;0,56;0,44;0,40;-11,39;39,49;;9,91;10,20;0,01;605.214.146,00
SKT;31,74;1,74;37,59;5,66;1,45;69,32;27,94;17,73;23,85;34,18;10,33;2,45;6,66;;-1,45;;15,05;3,85;6,84;0,26;0,74;0,22;1,92;2,33;;5,60;0,84;-13,96;3.585.339.648,00
SLG;61,19;4,15;-272,21;1,13;0,38;52,30;11,94;-1,70;38,73;68,86;30,13;0,88;4,63;;-0,38;;-0,42;-0,14;1,42;0,34;0,62;0,08;-6,48;-38,76;;54,02;-0,22;2,79;4.339.836.648,00
SNR;8,82;;-27,24;4,07;0,43;39,07;9,48;-8,40;24,14;71,62;47,47;7,99;2,29;;-0,43;;-14,93;-1,56;1,84;0,10;0,88;0,19;-2,84;;;2,17;-0,32;0,13;741.437.424,00
SOHO;0,92;;27,42;0,40;0,04;25,79;14,24;0,36;0,70;12,42;11,72;6,65;0,10;;-0,04;;1,44;0,16;6,75;0,11;0,89;0,44;-0,42;-7,37;;2,25;0,03;1,34;18.236.545,00
SOHOB;16,54;9,07;509,64;7,36;0,81;25,79;14,24;0,36;12,96;12,42;11,72;6,65;1,85;;-0,81;;1,44;0,16;6,75;0,11;0,89;0,44;-0,42;-7,37;;2,25;0,03;24,96;18.236.545,00
SOHON;16,40;9,24;515,81;7,45;0,82;25,79;14,24;0,36;13,12;12,42;11,72;6,65;1,87;;-0,82;;1,44;0,16;6,75;0,11;0,89;0,44;-0,42;-7,37;;2,25;0,03;25,26;18.236.545,00
SOHOO;15,41;9,58;474,83;6,85;0,76;25,79;14,24;0,36;12,07;12,42;11,72;6,65;1,72;;-0,76;;1,44;0,16;6,75;0,11;0,89;0,44;-0,42;-7,37;;2,25;0,03;23,25;18.236.545,00
SPG;166,73;3,76;26,48;20,83;1,67;82,37;50,56;34,19;17,91;25,62;7,71;8,97;9,05;;-1,67;;78,66;6,31;11,08;0,08;0,91;0,18;0,71;2,44;;7,98;6,28;-1,33;54.264.892.000,00
SQFT;4,72;;-0,30;0,20;0,04;65,47;-60,18;-102,42;-0,51;-7,95;-7,44;2,89;0,31;;-0,04;;-66,19;-13,81;-9,04;0,21;0,79;0,13;-7,95;;;23,52;-15,57;0,00;5.585.115,00
SRC;42,49;;24,16;1,34;0,69;100,00;53,07;33,14;15,09;24,35;9,26;0,82;8,01;;-0,69;;5,53;2,87;4,77;0,52;0,48;0,09;10,59;29,92;;31,79;1,76;-69,51;6.005.162.688,00
STAG;36,57;3,72;28,01;1,97;1,00;79,70;47,04;31,04;18,48;26,73;8,24;0,88;8,69;;-1,00;;7,03;3,56;5,63;0,51;0,49;0,11;13,58;30,88;;18,58;1,31;0,79;6.828.337.984,00
STAR;7,63;;1,62;0,47;0,20;56,18;-68,15;282,90;-6,72;-9,15;-2,44;0,17;4,58;;-0,20;;29,08;12,59;-3,21;0,43;0,57;0,04;-24,05;19,12;;16,22;4,72;0,01;662.558.680,00
STOR;32,22;;28,36;1,70;0,87;100,00;61,20;38,95;18,05;27,57;9,52;0,90;11,05;;-0,87;;6,01;3,06;4,94;0,51;0,49;0,08;15,41;16,82;;18,91;1,14;0,96;9.108.136.476,00
STWD;20,68;6,97;22,06;1,09;0,11;-0,01;856,47;165,02;4,25;5,56;1,31;0,34;36,41;;-0,11;;4,96;0,51;17,51;0,10;0,89;0,00;-14,39;-6,72;;18,87;0,94;-0,79;7.013.138.234,00
SUI;128,64;2,19;219,62;2,37;1,00;46,64;13,03;2,34;39,39;57,57;18,17;1,09;5,13;;-1,00;;1,08;0,45;2,62;0,42;0,57;0,19;20,42;-11,10;;54,23;0,59;-2,60;16.427.486.790,00
SVC;2,54;8,63;-1,36;0,58;0,06;32,75;5,73;-16,54;3,91;54,13;50,22;7,43;0,22;;-0,06;;-42,69;-4,50;1,68;0,11;0,89;0,27;-3,91;;;4,41;-1,88;-0,01;424.922.055,00
TCI;44,91;;48,92;0,46;0,36;44,03;39,45;16,81;20,85;25,75;4,90;0,11;8,22;;-0,36;;0,95;0,73;1,54;0,77;0,23;0,04;-0,38;;;96,91;0,92;0,82;387.990.963,00
TRMT;5,22;;6,68;0,48;0,18;;;;3,88;3,13;-0,75;-0,09;;;-0,18;;7,23;2,63;12,33;0,36;0,64;0,00;;;;10,81;0,78;-0,55;43.390.206,00
TRNO;57,25;2,57;30,03;1,51;1,20;74,03;53,96;47,97;26,70;29,54;2,84;0,16;14,41;;-1,20;;5,02;3,99;4,71;0,79;0,21;0,08;17,47;27,15;;37,90;1,90;1,52;5.877.566.508,00
TRTX;7,99;5,98;11,34;0,58;0,16;100,00;575,50;126,19;2,49;1,20;-1,29;-0,30;14,30;;-0,16;;5,13;1,43;22,74;0,28;0,72;0,01;91,20;-10,06;;13,82;0,71;-0,07;641.254.922,00
TWO;10,32;8,71;-133,60;0,50;0,08;;;;1,71;2,50;0,79;0,23;;;-0,08;;-0,37;-0,06;17,80;0,16;0,84;0,00;;-1,65;;20,64;-0,08;1,42;1.074.579.283,00
UBA;21,16;;32,58;1,48;0,84;66,54;37,89;17,63;15,16;21,06;5,90;0,58;5,74;;-0,84;;4,55;2,59;6,11;0,57;0,37;0,15;2,98;-5,59;;14,27;0,65;-1,44;832.235.496,00
UBP;21,22;;32,67;1,49;0,85;66,54;37,89;17,63;15,20;21,06;5,90;0,58;5,76;;-0,85;;4,55;2,59;6,11;0,57;0,37;0,15;2,98;-5,59;;14,27;0,65;-1,44;832.235.496,00
UDR;41,26;2,06;114,37;4,10;1,27;65,39;19,50;7,11;41,72;59,52;17,79;1,75;8,14;;-1,27;;3,59;1,11;3,56;0,31;0,59;0,16;7,73;-13,50;;10,05;0,36;-1,57;13.672.577.666,00
UHT;41,36;5,29;30,80;3,35;1,00;94,40;36,95;19,01;15,84;25,79;9,94;2,10;5,85;;-1,00;;10,87;3,26;6,73;0,30;0,70;0,17;5,11;0,28;;12,43;1,35;2,02;576.222.400,00
UMH;17,23;3,74;107,13;1,59;0,94;54,95;21,97;5,55;27,06;37,90;10,84;0,64;5,94;;-0,94;;1,48;0,87;3,51;0,59;0,41;0,16;10,41;-5,03;;10,85;0,16;0,41;1.451.139.678,00
UNIT;4,36;;16,98;-0,43;0,20;100,00;48,85;5,30;1,84;12,05;10,21;;0,90;;-0,20;;-2,56;1,18;15,69;-0,46;1,46;0,22;1,99;54,58;;-9,93;0,25;0,06;1.057.904.154,00
VER;50,30;;51,85;1,83;0,92;89,60;40,92;19,16;24,28;26,51;2,23;0,17;9,93;;-0,92;;3,53;1,77;6,38;0,50;0,50;0,09;-4,22;;;27,47;0,97;-1,83;11.526.224.880,00
VICI;33,25;3,90;13,35;1,32;0,77;100,00;90,42;67,81;10,01;14,72;4,70;0,62;9,05;;-0,77;;9,89;5,78;8,06;0,58;0,42;0,09;33,88;37,45;;25,18;2,49;7,25;35.146.078.146,00
VNO;37,41;1,98;59,87;1,35;0,46;48,90;30,06;6,60;13,15;25,96;12,82;1,31;3,95;;-0,46;;2,25;0,77;3,98;0,34;0,61;0,12;-1,47;-53,09;;27,69;0,62;0,73;7.165.463.636,00
VTR;63,24;2,18;200,61;2,49;1,10;42,33;13,84;2,81;40,79;58,59;17,79;1,09;5,65;;-1,10;;1,24;0,55;2,71;0,44;0,55;0,19;4,80;-29,93;;25,41;0,32;-0,46;28.554.064.738,00
WELL;154,32;1,31;92,83;2,96;1,89;37,31;13,92;13,06;87,06;97,56;10,50;0,36;12,12;;-1,89;;3,19;2,03;2,31;0,64;0,36;0,16;8,87;-3,73;;51,93;1,66;0,65;100.486.202.856,00
WHLR;6,04;;-0,95;-0,12;0,00;66,05;44,14;-2,72;0,06;9,77;9,71;;0,03;;0,00;;-12,75;-0,45;9,74;-0,04;0,91;0,16;10,61;;;-50,13;-6,39;0,01;2.671.683,00
WHLRD;33,66;;-5,28;-0,67;0,02;66,05;44,14;-2,72;0,33;9,77;9,71;;0,14;;-0,02;;-12,75;-0,45;9,74;-0,04;0,91;0,16;10,61;;;-50,13;-6,39;0,04;2.671.683,00
WHLRP;3,52;;-0,55;-0,07;0,00;66,05;44,14;-2,72;0,03;9,77;9,71;;0,02;;0,00;;-12,75;-0,45;9,74;-0,04;0,91;0,16;10,61;;;-50,13;-6,39;0,00;2.671.683,00
WMC;9,15;;-1,29;0,62;0,02;;;;0,54;19,10;18,56;21,55;;;-0,02;;-48,36;-1,88;4,86;0,04;0,96;0,00;;;;14,66;-7,09;0,04;55.353.840,00
WPC;63,15;4,20;32,30;1,65;0,80;88,85;46,13;26,66;18,67;28,64;9,97;0,88;8,61;;-0,80;;5,11;2,47;4,34;0,48;0,52;0,09;5,13;8,59;;38,19;1,95;-1,27;13.804.259.648,00
WPG;0,83;;-0,07;0,05;0,01;58,45;-26,37;-55,13;-0,14;-7,32;-7,18;2,30;0,04;;-0,01;;-66,82;-7,43;-9,19;0,11;0,89;0,13;-10,66;;;18,33;-12,25;0,00;20.301.468,00
WRI;31,44;;45,88;2,49;1,03;64,97;32,00;19,72;28,28;40,47;12,20;1,07;9,05;;-1,03;;5,42;2,25;4,15;0,41;0,59;0,11;-3,29;3,64;;12,64;0,69;-0,76;4.017.554.112,00
WSR;12,64;2,35;20,53;1,49;0,57;69,92;42,37;20,15;9,76;19,42;9,65;1,47;4,14;;-0,57;;7,25;2,77;6,03;0,38;0,62;0,14;5,29;9,27;;8,47;0,61;0,77;641.793.516,00
WY;26,19;2,33;52,09;1,97;1,15;18,23;9,31;5,15;28,81;35,79;6,98;0,48;2,68;21,05;-1,29;2,04;3,78;2,21;4,27;0,58;0,42;0,43;1,68;;;13,29;0,50;-0,96;19.012.580.200,00
XAN;4,34;;-0,17;0,12;0,02;94,60;13,85;-353,64;4,30;153,69;149,39;4,16;0,60;;-0,02;;-71,03;-12,47;0,49;0,18;0,82;0,04;-6,24;-3,96;;36,28;-25,77;0,00;38.012.324,00
XHR;12,99;2,93;55,24;1,06;0,44;59,82;9,65;2,19;12,51;24,78;12,27;1,04;1,21;-0,99;-0,50;0,21;1,92;0,80;3,73;0,42;0,58;0,37;-1,99;-21,86;;12,25;0,23;6,57;1.281.166.238,00
